<?xml version="1.0" encoding="utf-8" ?>
<dwsync>
<file name="ui-bg_flat_75_ffffff_40x100.png" server="vps.arcadehype.com//home/pulsarme/wp/pulsar/wp-content/plugins/floorplan-premium/" local="129399262940000000" remote="130190845550000000" Dst="-1" />
<file name="ui-bg_highlight-soft_75_cccccc_1x100.png" server="vps.arcadehype.com//home/pulsarme/wp/pulsar/wp-content/plugins/floorplan-premium/" local="129399262940000000" remote="130190845560000000" Dst="-1" />
<file name="ui-bg_glass_75_e6e6e6_1x400.png" server="vps.arcadehype.com//home/pulsarme/wp/pulsar/wp-content/plugins/floorplan-premium/" local="129399262940000000" remote="130190845560000000" Dst="-1" />
<file name="ui-bg_glass_75_dadada_1x400.png" server="vps.arcadehype.com//home/pulsarme/wp/pulsar/wp-content/plugins/floorplan-premium/" local="129399262940000000" remote="130190845560000000" Dst="-1" />
<file name="ui-bg_glass_65_ffffff_1x400.png" server="vps.arcadehype.com//home/pulsarme/wp/pulsar/wp-content/plugins/floorplan-premium/" local="129399262940000000" remote="130190845550000000" Dst="-1" />
<file name="ui-bg_glass_55_fbf9ee_1x400.png" server="vps.arcadehype.com//home/pulsarme/wp/pulsar/wp-content/plugins/floorplan-premium/" local="129399262940000000" remote="130190845550000000" Dst="-1" />
<file name="ui-bg_glass_95_fef1ec_1x400.png" server="vps.arcadehype.com//home/pulsarme/wp/pulsar/wp-content/plugins/floorplan-premium/" local="129399262940000000" remote="130190845560000000" Dst="-1" />
<file name="ui-icons_222222_256x240.png" server="vps.arcadehype.com//home/pulsarme/wp/pulsar/wp-content/plugins/floorplan-premium/" local="129399262960000000" remote="130190845560000000" Dst="-1" />
<file name="ui-icons_888888_256x240.png" server="vps.arcadehype.com//home/pulsarme/wp/pulsar/wp-content/plugins/floorplan-premium/" local="129399262980000000" remote="130190845570000000" Dst="-1" />
<file name="ui-icons_454545_256x240.png" server="vps.arcadehype.com//home/pulsarme/wp/pulsar/wp-content/plugins/floorplan-premium/" local="129399263000000000" remote="130190845560000000" Dst="-1" />
<file name="ui-icons_2e83ff_256x240.png" server="vps.arcadehype.com//home/pulsarme/wp/pulsar/wp-content/plugins/floorplan-premium/" local="129399263020000000" remote="130190845560000000" Dst="-1" />
<file name="ui-icons_cd0a0a_256x240.png" server="vps.arcadehype.com//home/pulsarme/wp/pulsar/wp-content/plugins/floorplan-premium/" local="129399263040000000" remote="130190845570000000" Dst="-1" />
<file name="ui-bg_flat_0_aaaaaa_40x100.png" server="vps.arcadehype.com//home/pulsarme/wp/pulsar/wp-content/plugins/floorplan-premium/" local="129399263060000000" remote="130190845550000000" Dst="-1" />
<file name="ui-bg_flat_0_aaaaaa_40x100.png" server="vps.arcadehype.com//home/pulsarme/wp/plugintests/wp-content/plugins/premium-floorplans/" local="129399263060000000" remote="130413036990000000" Dst="2" />
<file name="ui-bg_flat_75_ffffff_40x100.png" server="vps.arcadehype.com//home/pulsarme/wp/plugintests/wp-content/plugins/premium-floorplans/" local="129399262940000000" remote="130413036990000000" Dst="2" />
<file name="ui-bg_glass_55_fbf9ee_1x400.png" server="vps.arcadehype.com//home/pulsarme/wp/plugintests/wp-content/plugins/premium-floorplans/" local="129399262940000000" remote="130413036990000000" Dst="2" />
<file name="ui-bg_glass_65_ffffff_1x400.png" server="vps.arcadehype.com//home/pulsarme/wp/plugintests/wp-content/plugins/premium-floorplans/" local="129399262940000000" remote="130413036990000000" Dst="2" />
<file name="ui-bg_glass_75_dadada_1x400.png" server="vps.arcadehype.com//home/pulsarme/wp/plugintests/wp-content/plugins/premium-floorplans/" local="129399262940000000" remote="130413036990000000" Dst="2" />
<file name="ui-bg_glass_75_e6e6e6_1x400.png" server="vps.arcadehype.com//home/pulsarme/wp/plugintests/wp-content/plugins/premium-floorplans/" local="129399262940000000" remote="130413037000000000" Dst="2" />
<file name="ui-bg_glass_95_fef1ec_1x400.png" server="vps.arcadehype.com//home/pulsarme/wp/plugintests/wp-content/plugins/premium-floorplans/" local="129399262940000000" remote="130413037000000000" Dst="2" />
<file name="ui-bg_highlight-soft_75_cccccc_1x100.png" server="vps.arcadehype.com//home/pulsarme/wp/plugintests/wp-content/plugins/premium-floorplans/" local="129399262940000000" remote="130413037000000000" Dst="2" />
<file name="ui-icons_222222_256x240.png" server="vps.arcadehype.com//home/pulsarme/wp/plugintests/wp-content/plugins/premium-floorplans/" local="129399262960000000" remote="130413037000000000" Dst="2" />
<file name="ui-icons_2e83ff_256x240.png" server="vps.arcadehype.com//home/pulsarme/wp/plugintests/wp-content/plugins/premium-floorplans/" local="129399263020000000" remote="130413037000000000" Dst="2" />
<file name="ui-icons_454545_256x240.png" server="vps.arcadehype.com//home/pulsarme/wp/plugintests/wp-content/plugins/premium-floorplans/" local="129399263000000000" remote="130413037000000000" Dst="2" />
<file name="ui-icons_888888_256x240.png" server="vps.arcadehype.com//home/pulsarme/wp/plugintests/wp-content/plugins/premium-floorplans/" local="129399262980000000" remote="130413037000000000" Dst="2" />
<file name="ui-icons_cd0a0a_256x240.png" server="vps.arcadehype.com//home/pulsarme/wp/plugintests/wp-content/plugins/premium-floorplans/" local="129399263040000000" remote="130413037000000000" Dst="2" />
<file name="ui-bg_flat_0_aaaaaa_40x100.png" server="vps.arcadehype.com//home/pulsarme/wp/plugintests/wp-content/plugins/premium-presentations-v1.6/" local="129399263060000000" remote="130524555040000000" Dst="2" />
<file name="ui-bg_flat_75_ffffff_40x100.png" server="vps.arcadehype.com//home/pulsarme/wp/plugintests/wp-content/plugins/premium-presentations-v1.6/" local="129399262940000000" remote="130524555040000000" Dst="2" />
<file name="ui-bg_glass_55_fbf9ee_1x400.png" server="vps.arcadehype.com//home/pulsarme/wp/plugintests/wp-content/plugins/premium-presentations-v1.6/" local="129399262940000000" remote="130524555040000000" Dst="2" />
<file name="ui-bg_glass_65_ffffff_1x400.png" server="vps.arcadehype.com//home/pulsarme/wp/plugintests/wp-content/plugins/premium-presentations-v1.6/" local="129399262940000000" remote="130524555040000000" Dst="2" />
<file name="ui-bg_glass_75_dadada_1x400.png" server="vps.arcadehype.com//home/pulsarme/wp/plugintests/wp-content/plugins/premium-presentations-v1.6/" local="129399262940000000" remote="130524555040000000" Dst="2" />
<file name="ui-bg_glass_75_e6e6e6_1x400.png" server="vps.arcadehype.com//home/pulsarme/wp/plugintests/wp-content/plugins/premium-presentations-v1.6/" local="129399262940000000" remote="130524555050000000" Dst="2" />
<file name="ui-bg_glass_95_fef1ec_1x400.png" server="vps.arcadehype.com//home/pulsarme/wp/plugintests/wp-content/plugins/premium-presentations-v1.6/" local="129399262940000000" remote="130524555050000000" Dst="2" />
<file name="ui-bg_highlight-soft_75_cccccc_1x100.png" server="vps.arcadehype.com//home/pulsarme/wp/plugintests/wp-content/plugins/premium-presentations-v1.6/" local="129399262940000000" remote="130524555050000000" Dst="2" />
<file name="ui-icons_222222_256x240.png" server="vps.arcadehype.com//home/pulsarme/wp/plugintests/wp-content/plugins/premium-presentations-v1.6/" local="129399262960000000" remote="130524555050000000" Dst="2" />
<file name="ui-icons_2e83ff_256x240.png" server="vps.arcadehype.com//home/pulsarme/wp/plugintests/wp-content/plugins/premium-presentations-v1.6/" local="129399263020000000" remote="130524555050000000" Dst="2" />
<file name="ui-icons_454545_256x240.png" server="vps.arcadehype.com//home/pulsarme/wp/plugintests/wp-content/plugins/premium-presentations-v1.6/" local="129399263000000000" remote="130524555050000000" Dst="2" />
<file name="ui-icons_888888_256x240.png" server="vps.arcadehype.com//home/pulsarme/wp/plugintests/wp-content/plugins/premium-presentations-v1.6/" local="129399262980000000" remote="130524555060000000" Dst="2" />
<file name="ui-icons_cd0a0a_256x240.png" server="vps.arcadehype.com//home/pulsarme/wp/plugintests/wp-content/plugins/premium-presentations-v1.6/" local="129399263040000000" remote="130524555060000000" Dst="2" />
</dwsync>