<?xml version="1.0" encoding="utf-8" ?>
<dwsync>
<file name="high_tatras.jpg" server="vps.arcadehype.com//home/pulsarme/wp/plugintests/wp-content/plugins/premium-floorplans/" local="130120608580000000" remote="130281410000000000" Dst="-1" />
<file name="high_tatras2.jpg" server="vps.arcadehype.com//home/pulsarme/wp/plugintests/wp-content/plugins/premium-floorplans/" local="130120608580000000" remote="130281410000000000" Dst="-1" />
<file name="high_tatras2_min.jpg" server="vps.arcadehype.com//home/pulsarme/wp/plugintests/wp-content/plugins/premium-floorplans/" local="130120608580000000" remote="130281410000000000" Dst="-1" />
<file name="high_tatras3.jpg" server="vps.arcadehype.com//home/pulsarme/wp/plugintests/wp-content/plugins/premium-floorplans/" local="130120608580000000" remote="130281410000000000" Dst="-1" />
<file name="high_tatras3_min.jpg" server="vps.arcadehype.com//home/pulsarme/wp/plugintests/wp-content/plugins/premium-floorplans/" local="130120608580000000" remote="130281410000000000" Dst="-1" />
<file name="high_tatras4.jpg" server="vps.arcadehype.com//home/pulsarme/wp/plugintests/wp-content/plugins/premium-floorplans/" local="130120608580000000" remote="130281410010000000" Dst="-1" />
<file name="high_tatras4_min.jpg" server="vps.arcadehype.com//home/pulsarme/wp/plugintests/wp-content/plugins/premium-floorplans/" local="130120608580000000" remote="130281410010000000" Dst="-1" />
<file name="high_tatras_min.jpg" server="vps.arcadehype.com//home/pulsarme/wp/plugintests/wp-content/plugins/premium-floorplans/" local="130120608580000000" remote="130281410010000000" Dst="-1" />
<file name="high_tatras.jpg" server="vps.arcadehype.com//home/pulsarme/wp/plugintests/wp-content/plugins/premium-presentations-v1.6/" local="130120608580000000" remote="130524555930000000" Dst="2" />
<file name="high_tatras2.jpg" server="vps.arcadehype.com//home/pulsarme/wp/plugintests/wp-content/plugins/premium-presentations-v1.6/" local="130120608580000000" remote="130524555930000000" Dst="2" />
<file name="high_tatras2_min.jpg" server="vps.arcadehype.com//home/pulsarme/wp/plugintests/wp-content/plugins/premium-presentations-v1.6/" local="130120608580000000" remote="130524555940000000" Dst="2" />
<file name="high_tatras3.jpg" server="vps.arcadehype.com//home/pulsarme/wp/plugintests/wp-content/plugins/premium-presentations-v1.6/" local="130120608580000000" remote="130524555940000000" Dst="2" />
<file name="high_tatras3_min.jpg" server="vps.arcadehype.com//home/pulsarme/wp/plugintests/wp-content/plugins/premium-presentations-v1.6/" local="130120608580000000" remote="130524555940000000" Dst="2" />
<file name="high_tatras4.jpg" server="vps.arcadehype.com//home/pulsarme/wp/plugintests/wp-content/plugins/premium-presentations-v1.6/" local="130120608580000000" remote="130524555950000000" Dst="2" />
<file name="high_tatras4_min.jpg" server="vps.arcadehype.com//home/pulsarme/wp/plugintests/wp-content/plugins/premium-presentations-v1.6/" local="130120608580000000" remote="130524555950000000" Dst="2" />
<file name="high_tatras_min.jpg" server="vps.arcadehype.com//home/pulsarme/wp/plugintests/wp-content/plugins/premium-presentations-v1.6/" local="130120608580000000" remote="130524555960000000" Dst="2" />
</dwsync>