<?xml version="1.0" encoding="utf-8" ?>
<dwsync>
<file name="iphone_switch.png" server="vps.arcadehype.com//home/pulsarme/wp/pulsar/wp-content/plugins/floorplan-premium/" local="130189799161052663" remote="130190848260000000" Dst="-1" />
<file name="iphone_switch2.png" server="vps.arcadehype.com//home/pulsarme/wp/pulsar/wp-content/plugins/floorplan-premium/" local="130189798294613106" remote="130190848260000000" Dst="-1" />
<file name="iphone_switch_container_off.png" server="vps.arcadehype.com//home/pulsarme/wp/pulsar/wp-content/plugins/floorplan-premium/" local="128901664800000000" remote="130190848260000000" Dst="-1" />
<file name="iphone_switch_container_on.png" server="vps.arcadehype.com//home/pulsarme/wp/pulsar/wp-content/plugins/floorplan-premium/" local="128901664800000000" remote="130190848260000000" Dst="-1" />
<file name="jquery.iphone-switch.js" server="vps.arcadehype.com//home/pulsarme/wp/pulsar/wp-content/plugins/floorplan-premium/" local="130189800783695473" remote="130190848260000000" Dst="-1" />
<file name="iphone_switch.png" server="vps.arcadehype.com//home/pulsarme/wp/plugintests/wp-content/plugins/premium-floorplans/" local="130189799161052663" remote="130281409630000000" Dst="-1" />
<file name="iphone_switch2.png" server="vps.arcadehype.com//home/pulsarme/wp/plugintests/wp-content/plugins/premium-floorplans/" local="130189798294613106" remote="130281409630000000" Dst="-1" />
<file name="iphone_switch_container_off.png" server="vps.arcadehype.com//home/pulsarme/wp/plugintests/wp-content/plugins/premium-floorplans/" local="128901664800000000" remote="130281409630000000" Dst="-1" />
<file name="iphone_switch_container_on.png" server="vps.arcadehype.com//home/pulsarme/wp/plugintests/wp-content/plugins/premium-floorplans/" local="128901664800000000" remote="130281409640000000" Dst="-1" />
<file name="jquery.iphone-switch.js" server="vps.arcadehype.com//home/pulsarme/wp/plugintests/wp-content/plugins/premium-floorplans/" local="130189800783695473" remote="130281409640000000" Dst="-1" />
<file name="iphone_switch.png" server="vps.arcadehype.com//home/pulsarme/wp/plugintests/wp-content/plugins/premium-presentations-v1.6/" local="130189799161052663" remote="130524555370000000" Dst="2" />
<file name="iphone_switch2.png" server="vps.arcadehype.com//home/pulsarme/wp/plugintests/wp-content/plugins/premium-presentations-v1.6/" local="130189798294613106" remote="130524555370000000" Dst="2" />
<file name="iphone_switch_container_off.png" server="vps.arcadehype.com//home/pulsarme/wp/plugintests/wp-content/plugins/premium-presentations-v1.6/" local="128901664800000000" remote="130524555370000000" Dst="2" />
<file name="iphone_switch_container_on.png" server="vps.arcadehype.com//home/pulsarme/wp/plugintests/wp-content/plugins/premium-presentations-v1.6/" local="128901664800000000" remote="130524555370000000" Dst="2" />
<file name="jquery.iphone-switch.js" server="vps.arcadehype.com//home/pulsarme/wp/plugintests/wp-content/plugins/premium-presentations-v1.6/" local="130189800783695473" remote="130524555380000000" Dst="2" />
</dwsync>