<?xml version="1.0" encoding="utf-8" ?>
<dwsync>
<file name="accepted-elements.html" server="vps.arcadehype.com//home/pulsarme/wp/plugintests/wp-content/plugins/premium-floorplans/" local="130120608580000000" remote="130281409980000000" Dst="-1" />
<file name="default.html" server="vps.arcadehype.com//home/pulsarme/wp/plugintests/wp-content/plugins/premium-floorplans/" local="130120608580000000" remote="130281409990000000" Dst="-1" />
<file name="index.html" server="vps.arcadehype.com//home/pulsarme/wp/plugintests/wp-content/plugins/premium-floorplans/" local="130120608580000000" remote="130281410010000000" Dst="-1" />
<file name="photo-manager.html" server="vps.arcadehype.com//home/pulsarme/wp/plugintests/wp-content/plugins/premium-floorplans/" local="130120608580000000" remote="130281410010000000" Dst="-1" />
<file name="propagation.html" server="vps.arcadehype.com//home/pulsarme/wp/plugintests/wp-content/plugins/premium-floorplans/" local="130120608580000000" remote="130281410010000000" Dst="-1" />
<file name="revert.html" server="vps.arcadehype.com//home/pulsarme/wp/plugintests/wp-content/plugins/premium-floorplans/" local="130120608580000000" remote="130281410010000000" Dst="-1" />
<file name="shopping-cart.html" server="vps.arcadehype.com//home/pulsarme/wp/plugintests/wp-content/plugins/premium-floorplans/" local="130120608580000000" remote="130281410020000000" Dst="-1" />
<file name="visual-feedback.html" server="vps.arcadehype.com//home/pulsarme/wp/plugintests/wp-content/plugins/premium-floorplans/" local="130120608580000000" remote="130281410020000000" Dst="-1" />
<file name="accepted-elements.html" server="vps.arcadehype.com//home/pulsarme/wp/plugintests/wp-content/plugins/premium-presentations-v1.6/" local="130120608580000000" remote="130524555910000000" Dst="2" />
<file name="default.html" server="vps.arcadehype.com//home/pulsarme/wp/plugintests/wp-content/plugins/premium-presentations-v1.6/" local="130120608580000000" remote="130524555920000000" Dst="2" />
<file name="index.html" server="vps.arcadehype.com//home/pulsarme/wp/plugintests/wp-content/plugins/premium-presentations-v1.6/" local="130120608580000000" remote="130524555960000000" Dst="2" />
<file name="photo-manager.html" server="vps.arcadehype.com//home/pulsarme/wp/plugintests/wp-content/plugins/premium-presentations-v1.6/" local="130120608580000000" remote="130524555970000000" Dst="2" />
<file name="propagation.html" server="vps.arcadehype.com//home/pulsarme/wp/plugintests/wp-content/plugins/premium-presentations-v1.6/" local="130120608580000000" remote="130524555970000000" Dst="2" />
<file name="revert.html" server="vps.arcadehype.com//home/pulsarme/wp/plugintests/wp-content/plugins/premium-presentations-v1.6/" local="130120608580000000" remote="130524555970000000" Dst="2" />
<file name="shopping-cart.html" server="vps.arcadehype.com//home/pulsarme/wp/plugintests/wp-content/plugins/premium-presentations-v1.6/" local="130120608580000000" remote="130524555970000000" Dst="2" />
<file name="visual-feedback.html" server="vps.arcadehype.com//home/pulsarme/wp/plugintests/wp-content/plugins/premium-presentations-v1.6/" local="130120608580000000" remote="130524555970000000" Dst="2" />
</dwsync>