<?xml version="1.0" encoding="utf-8" ?>
<dwsync>
<file name="alt-field.html" server="vps.arcadehype.com//home/pulsarme/wp/plugintests/wp-content/plugins/premium-floorplans/" local="130120608580000000" remote="130281409880000000" Dst="-1" />
<file name="animation.html" server="vps.arcadehype.com//home/pulsarme/wp/plugintests/wp-content/plugins/premium-floorplans/" local="130120608580000000" remote="130281409890000000" Dst="-1" />
<file name="buttonbar.html" server="vps.arcadehype.com//home/pulsarme/wp/plugintests/wp-content/plugins/premium-floorplans/" local="130120608580000000" remote="130281409900000000" Dst="-1" />
<file name="date-formats.html" server="vps.arcadehype.com//home/pulsarme/wp/plugintests/wp-content/plugins/premium-floorplans/" local="130120608580000000" remote="130281409910000000" Dst="-1" />
<file name="date-range.html" server="vps.arcadehype.com//home/pulsarme/wp/plugintests/wp-content/plugins/premium-floorplans/" local="130120608580000000" remote="130281409910000000" Dst="-1" />
<file name="default.html" server="vps.arcadehype.com//home/pulsarme/wp/plugintests/wp-content/plugins/premium-floorplans/" local="130120608580000000" remote="130281409910000000" Dst="-1" />
<file name="dropdown-month-year.html" server="vps.arcadehype.com//home/pulsarme/wp/plugintests/wp-content/plugins/premium-floorplans/" local="130120608580000000" remote="130281409910000000" Dst="-1" />
<file name="icon-trigger.html" server="vps.arcadehype.com//home/pulsarme/wp/plugintests/wp-content/plugins/premium-floorplans/" local="130120608580000000" remote="130281409910000000" Dst="-1" />
<file name="index.html" server="vps.arcadehype.com//home/pulsarme/wp/plugintests/wp-content/plugins/premium-floorplans/" local="130120608580000000" remote="130281409920000000" Dst="-1" />
<file name="inline.html" server="vps.arcadehype.com//home/pulsarme/wp/plugintests/wp-content/plugins/premium-floorplans/" local="130120608580000000" remote="130281409920000000" Dst="-1" />
<file name="jquery.ui.datepicker-ar.js" server="vps.arcadehype.com//home/pulsarme/wp/plugintests/wp-content/plugins/premium-floorplans/" local="130120608580000000" remote="130281409920000000" Dst="-1" />
<file name="jquery.ui.datepicker-fr.js" server="vps.arcadehype.com//home/pulsarme/wp/plugintests/wp-content/plugins/premium-floorplans/" local="130120608580000000" remote="130281409920000000" Dst="-1" />
<file name="jquery.ui.datepicker-he.js" server="vps.arcadehype.com//home/pulsarme/wp/plugintests/wp-content/plugins/premium-floorplans/" local="130120608580000000" remote="130281409920000000" Dst="-1" />
<file name="jquery.ui.datepicker-zh-TW.js" server="vps.arcadehype.com//home/pulsarme/wp/plugintests/wp-content/plugins/premium-floorplans/" local="130120608580000000" remote="130281409920000000" Dst="-1" />
<file name="localization.html" server="vps.arcadehype.com//home/pulsarme/wp/plugintests/wp-content/plugins/premium-floorplans/" local="130120608580000000" remote="130281409920000000" Dst="-1" />
<file name="min-max.html" server="vps.arcadehype.com//home/pulsarme/wp/plugintests/wp-content/plugins/premium-floorplans/" local="130120608580000000" remote="130281409920000000" Dst="-1" />
<file name="multiple-calendars.html" server="vps.arcadehype.com//home/pulsarme/wp/plugintests/wp-content/plugins/premium-floorplans/" local="130120608580000000" remote="130281409920000000" Dst="-1" />
<file name="other-months.html" server="vps.arcadehype.com//home/pulsarme/wp/plugintests/wp-content/plugins/premium-floorplans/" local="130120608580000000" remote="130281409930000000" Dst="-1" />
<file name="show-week.html" server="vps.arcadehype.com//home/pulsarme/wp/plugintests/wp-content/plugins/premium-floorplans/" local="130120608580000000" remote="130281409930000000" Dst="-1" />
<file name="alt-field.html" server="vps.arcadehype.com//home/pulsarme/wp/plugintests/wp-content/plugins/premium-presentations-v1.6/" local="130120608580000000" remote="130524555770000000" Dst="2" />
<file name="animation.html" server="vps.arcadehype.com//home/pulsarme/wp/plugintests/wp-content/plugins/premium-presentations-v1.6/" local="130120608580000000" remote="130524555790000000" Dst="2" />
<file name="buttonbar.html" server="vps.arcadehype.com//home/pulsarme/wp/plugintests/wp-content/plugins/premium-presentations-v1.6/" local="130120608580000000" remote="130524555810000000" Dst="2" />
<file name="date-formats.html" server="vps.arcadehype.com//home/pulsarme/wp/plugintests/wp-content/plugins/premium-presentations-v1.6/" local="130120608580000000" remote="130524555810000000" Dst="2" />
<file name="date-range.html" server="vps.arcadehype.com//home/pulsarme/wp/plugintests/wp-content/plugins/premium-presentations-v1.6/" local="130120608580000000" remote="130524555810000000" Dst="2" />
<file name="default.html" server="vps.arcadehype.com//home/pulsarme/wp/plugintests/wp-content/plugins/premium-presentations-v1.6/" local="130120608580000000" remote="130524555810000000" Dst="2" />
<file name="dropdown-month-year.html" server="vps.arcadehype.com//home/pulsarme/wp/plugintests/wp-content/plugins/premium-presentations-v1.6/" local="130120608580000000" remote="130524555810000000" Dst="2" />
<file name="icon-trigger.html" server="vps.arcadehype.com//home/pulsarme/wp/plugintests/wp-content/plugins/premium-presentations-v1.6/" local="130120608580000000" remote="130524555810000000" Dst="2" />
<file name="index.html" server="vps.arcadehype.com//home/pulsarme/wp/plugintests/wp-content/plugins/premium-presentations-v1.6/" local="130120608580000000" remote="130524555830000000" Dst="2" />
<file name="inline.html" server="vps.arcadehype.com//home/pulsarme/wp/plugintests/wp-content/plugins/premium-presentations-v1.6/" local="130120608580000000" remote="130524555830000000" Dst="2" />
<file name="jquery.ui.datepicker-ar.js" server="vps.arcadehype.com//home/pulsarme/wp/plugintests/wp-content/plugins/premium-presentations-v1.6/" local="130120608580000000" remote="130524555830000000" Dst="2" />
<file name="jquery.ui.datepicker-fr.js" server="vps.arcadehype.com//home/pulsarme/wp/plugintests/wp-content/plugins/premium-presentations-v1.6/" local="130120608580000000" remote="130524555830000000" Dst="2" />
<file name="jquery.ui.datepicker-he.js" server="vps.arcadehype.com//home/pulsarme/wp/plugintests/wp-content/plugins/premium-presentations-v1.6/" local="130120608580000000" remote="130524555830000000" Dst="2" />
<file name="jquery.ui.datepicker-zh-TW.js" server="vps.arcadehype.com//home/pulsarme/wp/plugintests/wp-content/plugins/premium-presentations-v1.6/" local="130120608580000000" remote="130524555830000000" Dst="2" />
<file name="localization.html" server="vps.arcadehype.com//home/pulsarme/wp/plugintests/wp-content/plugins/premium-presentations-v1.6/" local="130120608580000000" remote="130524555830000000" Dst="2" />
<file name="min-max.html" server="vps.arcadehype.com//home/pulsarme/wp/plugintests/wp-content/plugins/premium-presentations-v1.6/" local="130120608580000000" remote="130524555840000000" Dst="2" />
<file name="multiple-calendars.html" server="vps.arcadehype.com//home/pulsarme/wp/plugintests/wp-content/plugins/premium-presentations-v1.6/" local="130120608580000000" remote="130524555840000000" Dst="2" />
<file name="other-months.html" server="vps.arcadehype.com//home/pulsarme/wp/plugintests/wp-content/plugins/premium-presentations-v1.6/" local="130120608580000000" remote="130524555840000000" Dst="2" />
<file name="show-week.html" server="vps.arcadehype.com//home/pulsarme/wp/plugintests/wp-content/plugins/premium-presentations-v1.6/" local="130120608580000000" remote="130524555840000000" Dst="2" />
</dwsync>