<?xml version="1.0" encoding="utf-8" ?>
<dwsync>
<file name="pm-image-multiple-uploader-class.js" server="vps.arcadehype.com//home/pulsarme/wp/pulsar/wp-content/plugins/floorplan-premium/" local="130188325215123548" remote="130190848270000000" Dst="-1" />
<file name="admin-settings.js" server="vps.arcadehype.com//home/pulsarme/wp/pulsar/wp-content/plugins/floorplan-premium/" local="130189346545166207" remote="130190845660000000" Dst="-1" />
<file name="admin.js" server="vps.arcadehype.com//home/pulsarme/wp/pulsar/wp-content/plugins/floorplan-premium/" local="130190716185060392" remote="130190845660000000" Dst="-1" />
<file name="admin-settings.min.js" server="vps.arcadehype.com//home/pulsarme/wp/pulsar/wp-content/plugins/floorplan-premium/" local="130190835348572743" remote="130190845660000000" Dst="-1" />
<file name="admin.min.js" server="vps.arcadehype.com//home/pulsarme/wp/pulsar/wp-content/plugins/floorplan-premium/" local="130190855883287262" remote="130190855870000000" Dst="-1" />
<file name="pm-image-multiple-uploader-class.min.js" server="vps.arcadehype.com//home/pulsarme/wp/pulsar/wp-content/plugins/floorplan-premium/" local="130190837302454499" remote="130190848270000000" Dst="-1" />
<file name="pm-image-uploader.min.js" server="vps.arcadehype.com//home/pulsarme/wp/pulsar/wp-content/plugins/floorplan-premium/" local="130190837545898423" remote="130190848270000000" Dst="-1" />
<file name="admin.js" server="vps.arcadehype.com//home/pulsarme/wp/plugintests/wp-content/plugins/premium-floorplans/" local="130416387427648604" remote="130416387460000000" Dst="2" />
<file name="admin-settings.js" server="vps.arcadehype.com//home/pulsarme/wp/plugintests/wp-content/plugins/premium-floorplans/" local="130417184929658398" remote="130417184950000000" Dst="2" />
<file name="admin-settings.min.js" server="vps.arcadehype.com//home/pulsarme/wp/plugintests/wp-content/plugins/premium-floorplans/" local="130417201021352925" remote="130417201940000000" Dst="2" />
<file name="admin.min.js" server="vps.arcadehype.com//home/pulsarme/wp/plugintests/wp-content/plugins/premium-floorplans/" local="130417201613348547" remote="130417201940000000" Dst="2" />
<file name="pm-image-multiple-uploader-class.min.js" server="vps.arcadehype.com//home/pulsarme/wp/plugintests/wp-content/plugins/premium-floorplans/" local="130194475777303039" remote="130286069040000000" Dst="-1" />
<file name="pm-image-uploader.min.js" server="vps.arcadehype.com//home/pulsarme/wp/plugintests/wp-content/plugins/premium-floorplans/" local="130194472742616166" remote="130286069040000000" Dst="-1" />
<file name="pm-image-multiple-uploader-class.js" server="vps.arcadehype.com//home/pulsarme/wp/plugintests/wp-content/plugins/premium-floorplans/" local="130194475678292899" remote="130281411420000000" Dst="-1" />
<file name="admin-settings.js" server="vps.arcadehype.com//home/pulsarme/wp/plugintests/wp-content/plugins/premium-floorplans-v1.3/" local="130235947761085463" remote="130239853130000000" Dst="-1" />
<file name="admin-settings.min.js" server="vps.arcadehype.com//home/pulsarme/wp/plugintests/wp-content/plugins/premium-floorplans-v1.3/" local="130236608173185071" remote="130239853130000000" Dst="-1" />
<file name="admin.js" server="vps.arcadehype.com//home/pulsarme/wp/plugintests/wp-content/plugins/premium-floorplans-v1.3/" local="130235199142644184" remote="130239853130000000" Dst="-1" />
<file name="admin.min.js" server="vps.arcadehype.com//home/pulsarme/wp/plugintests/wp-content/plugins/premium-floorplans-v1.3/" local="130236608371296402" remote="130239853130000000" Dst="-1" />
<file name="pm-image-multiple-uploader-class.js" server="vps.arcadehype.com//home/pulsarme/wp/plugintests/wp-content/plugins/premium-floorplans-v1.3/" local="130194475678292899" remote="130239853140000000" Dst="-1" />
<file name="pm-image-multiple-uploader-class.min.js" server="vps.arcadehype.com//home/pulsarme/wp/plugintests/wp-content/plugins/premium-floorplans-v1.3/" local="130194475777303039" remote="130239853140000000" Dst="-1" />
<file name="pm-image-uploader.min.js" server="vps.arcadehype.com//home/pulsarme/wp/plugintests/wp-content/plugins/premium-floorplans-v1.3/" local="130194472742616166" remote="130239853140000000" Dst="-1" />
<file name="admin-settings.js" server="vps.arcadehype.com//home/pulsarme/wp/plugindemos/wp-content/plugins/premium-presentations-v1.6/" local="130418195306360980" remote="130418195360000000" Dst="2" />
<file name="admin-settings.min.js" server="vps.arcadehype.com//home/pulsarme/wp/plugindemos/wp-content/plugins/premium-presentations-v1.6/" local="130418201410825472" remote="130418201490000000" Dst="2" />
<file name="admin.js" server="vps.arcadehype.com//home/pulsarme/wp/plugindemos/wp-content/plugins/premium-presentations-v1.6/" local="130418915210816610" remote="130418915960000000" Dst="2" />
<file name="admin.min.js" server="vps.arcadehype.com//home/pulsarme/wp/plugindemos/wp-content/plugins/premium-presentations-v1.6/" local="130418915787669719" remote="130418915960000000" Dst="2" />
<file name="pm-image-uploader.js" server="xantusresidencias.com//public_html/wp-content/plugins/premium-presentations-v1.6/" local="130451787896691729" remote="130451787600000000" Dst="2" />
<file name="admin.js" server="vps.arcadehype.com//home/pulsarme/wp/plugintests/wp-content/plugins/premium-presentations-v1.6/" local="130524539618962158" remote="130524555200000000" Dst="2" />
<file name="admin-settings.js" server="vps.arcadehype.com//home/pulsarme/wp/plugintests/wp-content/plugins/premium-presentations-v1.6/" local="130418195306360980" remote="130524555200000000" Dst="2" />
<file name="pm-image-uploader.js" server="vps.arcadehype.com//home/pulsarme/wp/plugintests/wp-content/plugins/premium-presentations-v1.6/" local="130522504990597491" remote="130524558460000000" Dst="2" />
<file name="pm-image-multiple-uploader-class.js" server="vps.arcadehype.com//home/pulsarme/wp/plugintests/wp-content/plugins/premium-presentations-v1.6/" local="130524338094555035" remote="130524558460000000" Dst="2" />
<file name="admin-settings.min.js" server="vps.arcadehype.com//home/pulsarme/wp/plugintests/wp-content/plugins/premium-presentations-v1.6/" local="130418201410825472" remote="130524555200000000" Dst="2" />
<file name="admin.min.js" server="vps.arcadehype.com//home/pulsarme/wp/plugintests/wp-content/plugins/premium-presentations-v1.6/" local="130418915787669719" remote="130524555210000000" Dst="2" />
<file name="pm-image-multiple-uploader-class.min.js" server="vps.arcadehype.com//home/pulsarme/wp/plugintests/wp-content/plugins/premium-presentations-v1.6/" local="130194475777303039" remote="130524558460000000" Dst="2" />
<file name="pm-image-uploader.min.js" server="vps.arcadehype.com//home/pulsarme/wp/plugintests/wp-content/plugins/premium-presentations-v1.6/" local="130524552493739621" remote="130524558460000000" Dst="2" />
<file name="admin.js" server="vps.arcadehype.com//home/pulsarme/wp/plugintests/wp-content/plugins/premium-presentations-v1.7/" local="130524572250148787" remote="130524572260000000" Dst="2" />
<file name="admin.min.js" server="vps.arcadehype.com//home/pulsarme/wp/plugintests/wp-content/plugins/premium-presentations-v1.7/" local="130524573230147591" remote="130524573310000000" Dst="2" />
<file name="pm-image-multiple-uploader-class.min.js" server="vps.arcadehype.com//home/pulsarme/wp/plugintests/wp-content/plugins/premium-presentations-v1.7/" local="130526929323991368" remote="130526930050000000" Dst="2" />
<file name="admin.min.js" server="vps.arcadehype.com//home/pulsarme/wp/plugindemos/wp-content/plugins/premium-presentations-v1.7/" local="130802543649971869" remote="130802543600000000" Dst="2" />
</dwsync>