<?xml version="1.0" encoding="utf-8" ?>
<dwsync>
<file name="jquery-ui-1.10.3.custom.css" server="vps.arcadehype.com//home/pulsarme/wp/pulsar/wp-content/plugins/floorplan-premium/" local="130184494220000000" remote="130190845630000000" Dst="-1" />
<file name="jquery-ui-1.10.3.custom.min.css" server="vps.arcadehype.com//home/pulsarme/wp/pulsar/wp-content/plugins/floorplan-premium/" local="130184494220000000" remote="130190845630000000" Dst="-1" />
<file name="jquery-ui.css" server="vps.arcadehype.com//home/pulsarme/wp/pulsar/wp-content/plugins/floorplan-premium/" local="130186458220337682" remote="130190845640000000" Dst="-1" />
<file name="jquery-ui-1.10.3.custom.css" server="vps.arcadehype.com//home/pulsarme/wp/plugintests/wp-content/plugins/premium-floorplans/" local="130184494220000000" remote="130281409470000000" Dst="-1" />
<file name="jquery-ui-1.10.3.custom.min.css" server="vps.arcadehype.com//home/pulsarme/wp/plugintests/wp-content/plugins/premium-floorplans/" local="130184494220000000" remote="130281409490000000" Dst="-1" />
<file name="jquery-ui.css" server="vps.arcadehype.com//home/pulsarme/wp/plugintests/wp-content/plugins/premium-floorplans/" local="130186458220337682" remote="130281409490000000" Dst="-1" />
<file name="jquery-ui-1.10.3.custom.css" server="vps.arcadehype.com//home/pulsarme/wp/plugintests/wp-content/plugins/premium-presentations-v1.6/" local="130184494220000000" remote="130524555130000000" Dst="2" />
<file name="jquery-ui-1.10.3.custom.min.css" server="vps.arcadehype.com//home/pulsarme/wp/plugintests/wp-content/plugins/premium-presentations-v1.6/" local="130184494220000000" remote="130524555130000000" Dst="2" />
<file name="jquery-ui.css" server="vps.arcadehype.com//home/pulsarme/wp/plugintests/wp-content/plugins/premium-presentations-v1.6/" local="130186458220337682" remote="130524555140000000" Dst="2" />
</dwsync>