<?xml version="1.0" encoding="utf-8" ?>
<dwsync>
<file name="jquery.js" server="vps.arcadehype.com//home/pulsarme/wp/pulsar/wp-content/plugins/floorplan-premium/" local="128874850860000000" remote="130186324070000000" Dst="-1" />
<file name="colorpicker.js" server="vps.arcadehype.com//home/pulsarme/wp/pulsar/wp-content/plugins/floorplan-premium/" local="128875735560000000" remote="130186324070000000" Dst="-1" />
<file name="eye.js" server="vps.arcadehype.com//home/pulsarme/wp/pulsar/wp-content/plugins/floorplan-premium/" local="128639120000000000" remote="130186324070000000" Dst="-1" />
<file name="utils.js" server="vps.arcadehype.com//home/pulsarme/wp/pulsar/wp-content/plugins/floorplan-premium/" local="128639120000000000" remote="130186324070000000" Dst="-1" />
<file name="layout.js" server="vps.arcadehype.com//home/pulsarme/wp/pulsar/wp-content/plugins/floorplan-premium/" local="128875715680000000" remote="130190845750000000" Dst="-1" />
<file name="jquery.js" server="vps.arcadehype.com//home/pulsarme/wp/plugintests/wp-content/plugins/premium-floorplans/" local="128874850860000000" remote="130281409610000000" Dst="-1" />
<file name="colorpicker.js" server="vps.arcadehype.com//home/pulsarme/wp/plugintests/wp-content/plugins/premium-floorplans/" local="128875735560000000" remote="130281409620000000" Dst="-1" />
<file name="eye.js" server="vps.arcadehype.com//home/pulsarme/wp/plugintests/wp-content/plugins/premium-floorplans/" local="128639120000000000" remote="130281409620000000" Dst="-1" />
<file name="utils.js" server="vps.arcadehype.com//home/pulsarme/wp/plugintests/wp-content/plugins/premium-floorplans/" local="128639120000000000" remote="130281409620000000" Dst="-1" />
<file name="layout.js" server="vps.arcadehype.com//home/pulsarme/wp/plugintests/wp-content/plugins/premium-floorplans/" local="128875715680000000" remote="130281409620000000" Dst="-1" />
<file name="jquery.js" server="vps.arcadehype.com//home/pulsarme/wp/plugintests/wp-content/plugins/premium-presentations-v1.6/" local="128874850860000000" remote="130524555340000000" Dst="2" />
<file name="colorpicker.js" server="vps.arcadehype.com//home/pulsarme/wp/plugintests/wp-content/plugins/premium-presentations-v1.6/" local="128875735560000000" remote="130524555350000000" Dst="2" />
<file name="eye.js" server="vps.arcadehype.com//home/pulsarme/wp/plugintests/wp-content/plugins/premium-presentations-v1.6/" local="128639120000000000" remote="130524555350000000" Dst="2" />
<file name="utils.js" server="vps.arcadehype.com//home/pulsarme/wp/plugintests/wp-content/plugins/premium-presentations-v1.6/" local="128639120000000000" remote="130524555350000000" Dst="2" />
<file name="layout.js" server="vps.arcadehype.com//home/pulsarme/wp/plugintests/wp-content/plugins/premium-presentations-v1.6/" local="128875715680000000" remote="130524555360000000" Dst="2" />
</dwsync>