<?xml version="1.0" encoding="utf-8" ?>
<dwsync>
<file name="floorplan_editor.css" server="vps.arcadehype.com//home/pulsarme/wp/pulsar/wp-content/plugins/floorplan-premium/" local="130189999163077545" remote="130190845530000000" Dst="-1" />
<file name="floorplan_settings.css" server="vps.arcadehype.com//home/pulsarme/wp/pulsar/wp-content/plugins/floorplan-premium/" local="130190026360403143" remote="130190845530000000" Dst="-1" />
<file name="marker-editor.css" server="vps.arcadehype.com//home/pulsarme/wp/pulsar/wp-content/plugins/floorplan-premium/" local="130189998289717592" remote="130190845540000000" Dst="-1" />
<file name="panel-accordion.css" server="vps.arcadehype.com//home/pulsarme/wp/pulsar/wp-content/plugins/floorplan-premium/" local="130190714448991095" remote="130190845540000000" Dst="-1" />
<file name="resizeHelper.css" server="vps.arcadehype.com//home/pulsarme/wp/pulsar/wp-content/plugins/floorplan-premium/" local="130184767089444527" remote="130190845540000000" Dst="-1" />
<file name="floorplan_editor.min.css" server="vps.arcadehype.com//home/pulsarme/wp/pulsar/wp-content/plugins/floorplan-premium/" local="130190839082036285" remote="130190845530000000" Dst="-1" />
<file name="floorplan_settings.min.css" server="vps.arcadehype.com//home/pulsarme/wp/pulsar/wp-content/plugins/floorplan-premium/" local="130190839256206247" remote="130190845540000000" Dst="-1" />
<file name="marker-editor.min.css" server="vps.arcadehype.com//home/pulsarme/wp/pulsar/wp-content/plugins/floorplan-premium/" local="130190839518601255" remote="130190845540000000" Dst="-1" />
<file name="panel-accordion.min.css" server="vps.arcadehype.com//home/pulsarme/wp/pulsar/wp-content/plugins/floorplan-premium/" local="130190839675160210" remote="130190845540000000" Dst="-1" />
<file name="resizeHelper.min.css" server="vps.arcadehype.com//home/pulsarme/wp/pulsar/wp-content/plugins/floorplan-premium/" local="130190839820918547" remote="130190845540000000" Dst="-1" />
<file name="floorplan_settings.css" server="vps.arcadehype.com//home/pulsarme/wp/plugintests/wp-content/plugins/premium-floorplans/" local="130417111264153997" remote="130417111290000000" Dst="2" />
<file name="marker-editor.css" server="vps.arcadehype.com//home/pulsarme/wp/plugintests/wp-content/plugins/premium-floorplans/" local="130233820863445149" remote="130413034530000000" Dst="2" />
<file name="panel-accordion.css" server="vps.arcadehype.com//home/pulsarme/wp/plugintests/wp-content/plugins/premium-floorplans/" local="130235019223108204" remote="130413034540000000" Dst="2" />
<file name="floorplan_editor.min.css" server="vps.arcadehype.com//home/pulsarme/wp/plugintests/wp-content/plugins/premium-floorplans/" local="130417196463807416" remote="130417197180000000" Dst="2" />
<file name="floorplan_settings.min.css" server="vps.arcadehype.com//home/pulsarme/wp/plugintests/wp-content/plugins/premium-floorplans/" local="130417196640746115" remote="130417197190000000" Dst="2" />
<file name="marker-editor.min.css" server="vps.arcadehype.com//home/pulsarme/wp/plugintests/wp-content/plugins/premium-floorplans/" local="130236608905686967" remote="130286069030000000" Dst="-1" />
<file name="panel-accordion.min.css" server="vps.arcadehype.com//home/pulsarme/wp/plugintests/wp-content/plugins/premium-floorplans/" local="130236609038964590" remote="130286069030000000" Dst="-1" />
<file name="resizeHelper.min.css" server="vps.arcadehype.com//home/pulsarme/wp/plugintests/wp-content/plugins/premium-floorplans/" local="130236609181052717" remote="130286069030000000" Dst="-1" />
<file name="resizeHelper.css" server="vps.arcadehype.com//home/pulsarme/wp/plugintests/wp-content/plugins/premium-floorplans/" local="130184767089444527" remote="130413034540000000" Dst="2" />
<file name="floorplan_editor.css" server="vps.arcadehype.com//home/pulsarme/wp/plugintests/wp-content/plugins/premium-floorplans/" local="130189999163077545" remote="130413034410000000" Dst="2" />
<file name="floorplan_editor.css" server="vps.arcadehype.com//home/pulsarme/wp/plugintests/wp-content/plugins/premium-floorplans-v1.3/" local="130189999163077545" remote="130239853190000000" Dst="-1" />
<file name="floorplan_editor.min.css" server="vps.arcadehype.com//home/pulsarme/wp/plugintests/wp-content/plugins/premium-floorplans-v1.3/" local="130236608645212069" remote="130239853200000000" Dst="-1" />
<file name="floorplan_settings.css" server="vps.arcadehype.com//home/pulsarme/wp/plugintests/wp-content/plugins/premium-floorplans-v1.3/" local="130234812916059642" remote="130239853200000000" Dst="-1" />
<file name="floorplan_settings.min.css" server="vps.arcadehype.com//home/pulsarme/wp/plugintests/wp-content/plugins/premium-floorplans-v1.3/" local="130236608769449175" remote="130239853200000000" Dst="-1" />
<file name="marker-editor.css" server="vps.arcadehype.com//home/pulsarme/wp/plugintests/wp-content/plugins/premium-floorplans-v1.3/" local="130233820863445149" remote="130239853200000000" Dst="-1" />
<file name="marker-editor.min.css" server="vps.arcadehype.com//home/pulsarme/wp/plugintests/wp-content/plugins/premium-floorplans-v1.3/" local="130236608905686967" remote="130239853200000000" Dst="-1" />
<file name="panel-accordion.css" server="vps.arcadehype.com//home/pulsarme/wp/plugintests/wp-content/plugins/premium-floorplans-v1.3/" local="130235019223108204" remote="130239853210000000" Dst="-1" />
<file name="panel-accordion.min.css" server="vps.arcadehype.com//home/pulsarme/wp/plugintests/wp-content/plugins/premium-floorplans-v1.3/" local="130236609038964590" remote="130239853210000000" Dst="-1" />
<file name="resizeHelper.css" server="vps.arcadehype.com//home/pulsarme/wp/plugintests/wp-content/plugins/premium-floorplans-v1.3/" local="130184767089444527" remote="130239853210000000" Dst="-1" />
<file name="resizeHelper.min.css" server="vps.arcadehype.com//home/pulsarme/wp/plugintests/wp-content/plugins/premium-floorplans-v1.3/" local="130236609181052717" remote="130239853210000000" Dst="-1" />
<file name="floorplan_editor.css" server="dynamicmedia.sg//wp-content/plugins/premium-floorplans/" local="130189999163077545" remote="130339206600000000" Dst="1" />
<file name="floorplan_settings.css" server="dynamicmedia.sg//wp-content/plugins/premium-floorplans/" local="130286073861555371" remote="130339206600000000" Dst="1" />
<file name="marker-editor.css" server="dynamicmedia.sg//wp-content/plugins/premium-floorplans/" local="130233820863445149" remote="130339206600000000" Dst="1" />
<file name="panel-accordion.css" server="dynamicmedia.sg//wp-content/plugins/premium-floorplans/" local="130235019223108204" remote="130339206600000000" Dst="1" />
<file name="resizeHelper.css" server="dynamicmedia.sg//wp-content/plugins/premium-floorplans/" local="130184767089444527" remote="130339206600000000" Dst="1" />
<file name="floorplan_settings.css" server="vps.arcadehype.com//home/pulsarme/wp/plugindemos/wp-content/plugins/premium-presentations-v1.6/" local="130418194499562599" remote="130418194630000000" Dst="2" />
<file name="floorplan_settings.min.css" server="vps.arcadehype.com//home/pulsarme/wp/plugindemos/wp-content/plugins/premium-presentations-v1.6/" local="130418200992216970" remote="130418201070000000" Dst="2" />
<file name="floorplan_editor.css" server="vps.arcadehype.com//home/pulsarme/wp/plugintests/wp-content/plugins/premium-presentations-v1.6/" local="130189999163077545" remote="130524555010000000" Dst="2" />
<file name="floorplan_editor.min.css" server="vps.arcadehype.com//home/pulsarme/wp/plugintests/wp-content/plugins/premium-presentations-v1.6/" local="130417196463807416" remote="130524555020000000" Dst="2" />
<file name="floorplan_settings.css" server="vps.arcadehype.com//home/pulsarme/wp/plugintests/wp-content/plugins/premium-presentations-v1.6/" local="130418194499562599" remote="130524555020000000" Dst="2" />
<file name="floorplan_settings.min.css" server="vps.arcadehype.com//home/pulsarme/wp/plugintests/wp-content/plugins/premium-presentations-v1.6/" local="130418200992216970" remote="130524555020000000" Dst="2" />
<file name="marker-editor.css" server="vps.arcadehype.com//home/pulsarme/wp/plugintests/wp-content/plugins/premium-presentations-v1.6/" local="130233820863445149" remote="130524555020000000" Dst="2" />
<file name="marker-editor.min.css" server="vps.arcadehype.com//home/pulsarme/wp/plugintests/wp-content/plugins/premium-presentations-v1.6/" local="130236608905686967" remote="130524555020000000" Dst="2" />
<file name="panel-accordion.css" server="vps.arcadehype.com//home/pulsarme/wp/plugintests/wp-content/plugins/premium-presentations-v1.6/" local="130235019223108204" remote="130524555020000000" Dst="2" />
<file name="panel-accordion.min.css" server="vps.arcadehype.com//home/pulsarme/wp/plugintests/wp-content/plugins/premium-presentations-v1.6/" local="130236609038964590" remote="130524555030000000" Dst="2" />
<file name="resizeHelper.css" server="vps.arcadehype.com//home/pulsarme/wp/plugintests/wp-content/plugins/premium-presentations-v1.6/" local="130184767089444527" remote="130524555030000000" Dst="2" />
<file name="resizeHelper.min.css" server="vps.arcadehype.com//home/pulsarme/wp/plugintests/wp-content/plugins/premium-presentations-v1.6/" local="130236609181052717" remote="130524555030000000" Dst="2" />
</dwsync>