<?xml version="1.0" encoding="utf-8" ?>
<dwsync>
<file name="jquery.ui.core.css" server="vps.arcadehype.com//home/pulsarme/wp/plugintests/wp-content/plugins/premium-floorplans/" local="130120608580000000" remote="130281409660000000" Dst="-1" />
<file name="jquery.ui.accordion.css" server="vps.arcadehype.com//home/pulsarme/wp/plugintests/wp-content/plugins/premium-floorplans/" local="130120608580000000" remote="130281409660000000" Dst="-1" />
<file name="jquery.ui.autocomplete.css" server="vps.arcadehype.com//home/pulsarme/wp/plugintests/wp-content/plugins/premium-floorplans/" local="130120608580000000" remote="130281409670000000" Dst="-1" />
<file name="jquery.ui.button.css" server="vps.arcadehype.com//home/pulsarme/wp/plugintests/wp-content/plugins/premium-floorplans/" local="130120608580000000" remote="130281409670000000" Dst="-1" />
<file name="jquery.ui.datepicker.css" server="vps.arcadehype.com//home/pulsarme/wp/plugintests/wp-content/plugins/premium-floorplans/" local="130120608580000000" remote="130281409670000000" Dst="-1" />
<file name="jquery.ui.dialog.css" server="vps.arcadehype.com//home/pulsarme/wp/plugintests/wp-content/plugins/premium-floorplans/" local="130120608580000000" remote="130281409670000000" Dst="-1" />
<file name="jquery.ui.menu.css" server="vps.arcadehype.com//home/pulsarme/wp/plugintests/wp-content/plugins/premium-floorplans/" local="130120608580000000" remote="130281409670000000" Dst="-1" />
<file name="jquery.ui.progressbar.css" server="vps.arcadehype.com//home/pulsarme/wp/plugintests/wp-content/plugins/premium-floorplans/" local="130120608580000000" remote="130281409670000000" Dst="-1" />
<file name="jquery.ui.resizable.css" server="vps.arcadehype.com//home/pulsarme/wp/plugintests/wp-content/plugins/premium-floorplans/" local="130120608580000000" remote="130281409680000000" Dst="-1" />
<file name="jquery.ui.selectable.css" server="vps.arcadehype.com//home/pulsarme/wp/plugintests/wp-content/plugins/premium-floorplans/" local="130120608580000000" remote="130281409680000000" Dst="-1" />
<file name="jquery.ui.slider.css" server="vps.arcadehype.com//home/pulsarme/wp/plugintests/wp-content/plugins/premium-floorplans/" local="130120608580000000" remote="130281409680000000" Dst="-1" />
<file name="jquery.ui.spinner.css" server="vps.arcadehype.com//home/pulsarme/wp/plugintests/wp-content/plugins/premium-floorplans/" local="130120608580000000" remote="130281409680000000" Dst="-1" />
<file name="jquery.ui.tabs.css" server="vps.arcadehype.com//home/pulsarme/wp/plugintests/wp-content/plugins/premium-floorplans/" local="130120608580000000" remote="130281409680000000" Dst="-1" />
<file name="jquery.ui.tooltip.css" server="vps.arcadehype.com//home/pulsarme/wp/plugintests/wp-content/plugins/premium-floorplans/" local="130120608580000000" remote="130281409680000000" Dst="-1" />
<file name="jquery.ui.base.css" server="vps.arcadehype.com//home/pulsarme/wp/plugintests/wp-content/plugins/premium-floorplans/" local="130120608580000000" remote="130281409650000000" Dst="-1" />
<file name="jquery.ui.theme.css" server="vps.arcadehype.com//home/pulsarme/wp/plugintests/wp-content/plugins/premium-floorplans/" local="130120608580000000" remote="130281409690000000" Dst="-1" />
<file name="jquery.ui.all.css" server="vps.arcadehype.com//home/pulsarme/wp/plugintests/wp-content/plugins/premium-floorplans/" local="130120608580000000" remote="130281409650000000" Dst="-1" />
<file name="jquery-ui.css" server="vps.arcadehype.com//home/pulsarme/wp/plugintests/wp-content/plugins/premium-floorplans/" local="130120608580000000" remote="130281411050000000" Dst="-1" />
<file name="jquery.ui.core.css" server="vps.arcadehype.com//home/pulsarme/wp/plugintests/wp-content/plugins/premium-presentations-v1.6/" local="130120608580000000" remote="130524555400000000" Dst="2" />
<file name="jquery.ui.accordion.css" server="vps.arcadehype.com//home/pulsarme/wp/plugintests/wp-content/plugins/premium-presentations-v1.6/" local="130120608580000000" remote="130524555400000000" Dst="2" />
<file name="jquery.ui.autocomplete.css" server="vps.arcadehype.com//home/pulsarme/wp/plugintests/wp-content/plugins/premium-presentations-v1.6/" local="130120608580000000" remote="130524555400000000" Dst="2" />
<file name="jquery.ui.button.css" server="vps.arcadehype.com//home/pulsarme/wp/plugintests/wp-content/plugins/premium-presentations-v1.6/" local="130120608580000000" remote="130524555410000000" Dst="2" />
<file name="jquery.ui.datepicker.css" server="vps.arcadehype.com//home/pulsarme/wp/plugintests/wp-content/plugins/premium-presentations-v1.6/" local="130120608580000000" remote="130524555410000000" Dst="2" />
<file name="jquery.ui.dialog.css" server="vps.arcadehype.com//home/pulsarme/wp/plugintests/wp-content/plugins/premium-presentations-v1.6/" local="130120608580000000" remote="130524555410000000" Dst="2" />
<file name="jquery.ui.menu.css" server="vps.arcadehype.com//home/pulsarme/wp/plugintests/wp-content/plugins/premium-presentations-v1.6/" local="130120608580000000" remote="130524555410000000" Dst="2" />
<file name="jquery.ui.progressbar.css" server="vps.arcadehype.com//home/pulsarme/wp/plugintests/wp-content/plugins/premium-presentations-v1.6/" local="130120608580000000" remote="130524555410000000" Dst="2" />
<file name="jquery.ui.resizable.css" server="vps.arcadehype.com//home/pulsarme/wp/plugintests/wp-content/plugins/premium-presentations-v1.6/" local="130120608580000000" remote="130524555430000000" Dst="2" />
<file name="jquery.ui.selectable.css" server="vps.arcadehype.com//home/pulsarme/wp/plugintests/wp-content/plugins/premium-presentations-v1.6/" local="130120608580000000" remote="130524555430000000" Dst="2" />
<file name="jquery.ui.slider.css" server="vps.arcadehype.com//home/pulsarme/wp/plugintests/wp-content/plugins/premium-presentations-v1.6/" local="130120608580000000" remote="130524555430000000" Dst="2" />
<file name="jquery.ui.spinner.css" server="vps.arcadehype.com//home/pulsarme/wp/plugintests/wp-content/plugins/premium-presentations-v1.6/" local="130120608580000000" remote="130524555430000000" Dst="2" />
<file name="jquery.ui.tabs.css" server="vps.arcadehype.com//home/pulsarme/wp/plugintests/wp-content/plugins/premium-presentations-v1.6/" local="130120608580000000" remote="130524555430000000" Dst="2" />
<file name="jquery.ui.tooltip.css" server="vps.arcadehype.com//home/pulsarme/wp/plugintests/wp-content/plugins/premium-presentations-v1.6/" local="130120608580000000" remote="130524555430000000" Dst="2" />
<file name="jquery.ui.base.css" server="vps.arcadehype.com//home/pulsarme/wp/plugintests/wp-content/plugins/premium-presentations-v1.6/" local="130120608580000000" remote="130524555400000000" Dst="2" />
<file name="jquery.ui.theme.css" server="vps.arcadehype.com//home/pulsarme/wp/plugintests/wp-content/plugins/premium-presentations-v1.6/" local="130120608580000000" remote="130524555440000000" Dst="2" />
<file name="jquery.ui.all.css" server="vps.arcadehype.com//home/pulsarme/wp/plugintests/wp-content/plugins/premium-presentations-v1.6/" local="130120608580000000" remote="130524555400000000" Dst="2" />
<file name="jquery-ui.css" server="vps.arcadehype.com//home/pulsarme/wp/plugintests/wp-content/plugins/premium-presentations-v1.6/" local="130120608580000000" remote="130524557840000000" Dst="2" />
</dwsync>