<?xml version="1.0" encoding="utf-8" ?>
<dwsync>
<file name="icon.png" server="vps.arcadehype.com//home/pulsarme/wp/pulsar/wp-content/plugins/floorplan-premium/" local="130185643644158525" remote="130190845650000000" Dst="-1" />
<file name="itoggle.png" server="vps.arcadehype.com//home/pulsarme/wp/pulsar/wp-content/plugins/floorplan-premium/" local="130189785596736829" remote="130190845650000000" Dst="-1" />
<file name="icon.png" server="vps.arcadehype.com//home/pulsarme/wp/plugintests/wp-content/plugins/premium-floorplans/" local="130185643644158525" remote="130281409500000000" Dst="-1" />
<file name="itoggle.png" server="vps.arcadehype.com//home/pulsarme/wp/plugintests/wp-content/plugins/premium-floorplans/" local="130189785596736829" remote="130281409500000000" Dst="-1" />
<file name="panel-options.jpg" server="vps.arcadehype.com//home/pulsarme/wp/plugintests/wp-content/plugins/premium-floorplans/" local="130233176123054347" remote="130281409500000000" Dst="-1" />
<file name="pm-lo-1.jpg" server="vps.arcadehype.com//home/pulsarme/wp/plugintests/wp-content/plugins/premium-floorplans/" local="130233426094990032" remote="130281409500000000" Dst="-1" />
<file name="pm-lo-2.jpg" server="vps.arcadehype.com//home/pulsarme/wp/plugintests/wp-content/plugins/premium-floorplans/" local="130233426117191302" remote="130281409510000000" Dst="-1" />
<file name="pm-lo-3.jpg" server="vps.arcadehype.com//home/pulsarme/wp/plugintests/wp-content/plugins/premium-floorplans/" local="130233426139072553" remote="130281409510000000" Dst="-1" />
<file name="pm-lo-4.jpg" server="vps.arcadehype.com//home/pulsarme/wp/plugintests/wp-content/plugins/premium-floorplans/" local="130234079546890510" remote="130281409510000000" Dst="-1" />
<file name="pm-lo-5.jpg" server="vps.arcadehype.com//home/pulsarme/wp/plugintests/wp-content/plugins/premium-floorplans/" local="130236118968462954" remote="130281409510000000" Dst="-1" />
<file name="pm-lo-6.jpg" server="vps.arcadehype.com//home/pulsarme/wp/plugintests/wp-content/plugins/premium-floorplans/" local="130413734236836038" remote="130413735110000000" Dst="2" />
<file name="icon.png" server="vps.arcadehype.com//home/pulsarme/wp/plugintests/wp-content/plugins/premium-presentations-v1.6/" local="130185643644158525" remote="130524555150000000" Dst="2" />
<file name="itoggle.png" server="vps.arcadehype.com//home/pulsarme/wp/plugintests/wp-content/plugins/premium-presentations-v1.6/" local="130189785596736829" remote="130524555150000000" Dst="2" />
<file name="panel-options.jpg" server="vps.arcadehype.com//home/pulsarme/wp/plugintests/wp-content/plugins/premium-presentations-v1.6/" local="130233176123054347" remote="130524555160000000" Dst="2" />
<file name="pm-lo-1.jpg" server="vps.arcadehype.com//home/pulsarme/wp/plugintests/wp-content/plugins/premium-presentations-v1.6/" local="130233426094990032" remote="130524555170000000" Dst="2" />
<file name="pm-lo-2.jpg" server="vps.arcadehype.com//home/pulsarme/wp/plugintests/wp-content/plugins/premium-presentations-v1.6/" local="130233426117191302" remote="130524555170000000" Dst="2" />
<file name="pm-lo-3.jpg" server="vps.arcadehype.com//home/pulsarme/wp/plugintests/wp-content/plugins/premium-presentations-v1.6/" local="130233426139072553" remote="130524555170000000" Dst="2" />
<file name="pm-lo-4.jpg" server="vps.arcadehype.com//home/pulsarme/wp/plugintests/wp-content/plugins/premium-presentations-v1.6/" local="130234079546890510" remote="130524555180000000" Dst="2" />
<file name="pm-lo-5.jpg" server="vps.arcadehype.com//home/pulsarme/wp/plugintests/wp-content/plugins/premium-presentations-v1.6/" local="130236118968462954" remote="130524555180000000" Dst="2" />
<file name="pm-lo-6.jpg" server="vps.arcadehype.com//home/pulsarme/wp/plugintests/wp-content/plugins/premium-presentations-v1.6/" local="130413734236836038" remote="130524555190000000" Dst="2" />
</dwsync>