<?xml version="1.0" encoding="utf-8" ?>
<dwsync>
<file name="calendar.gif" server="vps.arcadehype.com//home/pulsarme/wp/plugintests/wp-content/plugins/premium-floorplans/" local="130120608580000000" remote="130281410050000000" Dst="-1" />
<file name="demo-config-on-tile.gif" server="vps.arcadehype.com//home/pulsarme/wp/plugintests/wp-content/plugins/premium-floorplans/" local="130120608580000000" remote="130281410050000000" Dst="-1" />
<file name="demo-config-on.gif" server="vps.arcadehype.com//home/pulsarme/wp/plugintests/wp-content/plugins/premium-floorplans/" local="130120608580000000" remote="130281410050000000" Dst="-1" />
<file name="demo-spindown-closed.gif" server="vps.arcadehype.com//home/pulsarme/wp/plugintests/wp-content/plugins/premium-floorplans/" local="130120608580000000" remote="130281410050000000" Dst="-1" />
<file name="demo-spindown-open.gif" server="vps.arcadehype.com//home/pulsarme/wp/plugintests/wp-content/plugins/premium-floorplans/" local="130120608580000000" remote="130281410050000000" Dst="-1" />
<file name="icon-docs-info.gif" server="vps.arcadehype.com//home/pulsarme/wp/plugintests/wp-content/plugins/premium-floorplans/" local="130120608580000000" remote="130281410050000000" Dst="-1" />
<file name="pbar-ani.gif" server="vps.arcadehype.com//home/pulsarme/wp/plugintests/wp-content/plugins/premium-floorplans/" local="130120608580000000" remote="130281410050000000" Dst="-1" />
<file name="calendar.gif" server="vps.arcadehype.com//home/pulsarme/wp/plugintests/wp-content/plugins/premium-presentations-v1.6/" local="130120608580000000" remote="130524556020000000" Dst="2" />
<file name="demo-config-on-tile.gif" server="vps.arcadehype.com//home/pulsarme/wp/plugintests/wp-content/plugins/premium-presentations-v1.6/" local="130120608580000000" remote="130524556020000000" Dst="2" />
<file name="demo-config-on.gif" server="vps.arcadehype.com//home/pulsarme/wp/plugintests/wp-content/plugins/premium-presentations-v1.6/" local="130120608580000000" remote="130524556020000000" Dst="2" />
<file name="demo-spindown-closed.gif" server="vps.arcadehype.com//home/pulsarme/wp/plugintests/wp-content/plugins/premium-presentations-v1.6/" local="130120608580000000" remote="130524556020000000" Dst="2" />
<file name="demo-spindown-open.gif" server="vps.arcadehype.com//home/pulsarme/wp/plugintests/wp-content/plugins/premium-presentations-v1.6/" local="130120608580000000" remote="130524556030000000" Dst="2" />
<file name="icon-docs-info.gif" server="vps.arcadehype.com//home/pulsarme/wp/plugintests/wp-content/plugins/premium-presentations-v1.6/" local="130120608580000000" remote="130524556030000000" Dst="2" />
<file name="pbar-ani.gif" server="vps.arcadehype.com//home/pulsarme/wp/plugintests/wp-content/plugins/premium-presentations-v1.6/" local="130120608580000000" remote="130524556030000000" Dst="2" />
</dwsync>