<?xml version="1.0" encoding="utf-8" ?>
<dwsync>
<file name="jquery-1.9.1.js" server="vps.arcadehype.com//home/pulsarme/wp/plugintests/wp-content/plugins/premium-floorplans/" local="130120608580000000" remote="130281409720000000" Dst="-1" />
<file name="AUTHORS.txt" server="vps.arcadehype.com//home/pulsarme/wp/plugintests/wp-content/plugins/premium-floorplans/" local="130120608580000000" remote="130281409640000000" Dst="-1" />
<file name="Gruntfile.js" server="vps.arcadehype.com//home/pulsarme/wp/plugintests/wp-content/plugins/premium-floorplans/" local="130120608580000000" remote="130281410340000000" Dst="-1" />
<file name="MANIFEST" server="vps.arcadehype.com//home/pulsarme/wp/plugintests/wp-content/plugins/premium-floorplans/" local="130120608600000000" remote="130281410340000000" Dst="-1" />
<file name="MIT-LICENSE.txt" server="vps.arcadehype.com//home/pulsarme/wp/plugintests/wp-content/plugins/premium-floorplans/" local="130120608580000000" remote="130281410350000000" Dst="-1" />
<file name="package.json" server="vps.arcadehype.com//home/pulsarme/wp/plugintests/wp-content/plugins/premium-floorplans/" local="130120608580000000" remote="130281410350000000" Dst="-1" />
<file name="README.md" server="vps.arcadehype.com//home/pulsarme/wp/plugintests/wp-content/plugins/premium-floorplans/" local="130120608580000000" remote="130281410350000000" Dst="-1" />
<file name="ui.accordion.jquery.json" server="vps.arcadehype.com//home/pulsarme/wp/plugintests/wp-content/plugins/premium-floorplans/" local="130120608580000000" remote="130281411380000000" Dst="-1" />
<file name="ui.autocomplete.jquery.json" server="vps.arcadehype.com//home/pulsarme/wp/plugintests/wp-content/plugins/premium-floorplans/" local="130120608580000000" remote="130281411380000000" Dst="-1" />
<file name="ui.button.jquery.json" server="vps.arcadehype.com//home/pulsarme/wp/plugintests/wp-content/plugins/premium-floorplans/" local="130120608580000000" remote="130281411380000000" Dst="-1" />
<file name="ui.core.jquery.json" server="vps.arcadehype.com//home/pulsarme/wp/plugintests/wp-content/plugins/premium-floorplans/" local="130120608580000000" remote="130281411380000000" Dst="-1" />
<file name="ui.datepicker.jquery.json" server="vps.arcadehype.com//home/pulsarme/wp/plugintests/wp-content/plugins/premium-floorplans/" local="130120608580000000" remote="130281411390000000" Dst="-1" />
<file name="ui.dialog.jquery.json" server="vps.arcadehype.com//home/pulsarme/wp/plugintests/wp-content/plugins/premium-floorplans/" local="130120608580000000" remote="130281411390000000" Dst="-1" />
<file name="ui.draggable.jquery.json" server="vps.arcadehype.com//home/pulsarme/wp/plugintests/wp-content/plugins/premium-floorplans/" local="130120608580000000" remote="130281411390000000" Dst="-1" />
<file name="ui.droppable.jquery.json" server="vps.arcadehype.com//home/pulsarme/wp/plugintests/wp-content/plugins/premium-floorplans/" local="130120608580000000" remote="130281411390000000" Dst="-1" />
<file name="ui.effect-blind.jquery.json" server="vps.arcadehype.com//home/pulsarme/wp/plugintests/wp-content/plugins/premium-floorplans/" local="130120608580000000" remote="130281411390000000" Dst="-1" />
<file name="ui.effect-bounce.jquery.json" server="vps.arcadehype.com//home/pulsarme/wp/plugintests/wp-content/plugins/premium-floorplans/" local="130120608580000000" remote="130281411390000000" Dst="-1" />
<file name="ui.effect-clip.jquery.json" server="vps.arcadehype.com//home/pulsarme/wp/plugintests/wp-content/plugins/premium-floorplans/" local="130120608580000000" remote="130281411390000000" Dst="-1" />
<file name="ui.effect-drop.jquery.json" server="vps.arcadehype.com//home/pulsarme/wp/plugintests/wp-content/plugins/premium-floorplans/" local="130120608580000000" remote="130281411390000000" Dst="-1" />
<file name="ui.effect-explode.jquery.json" server="vps.arcadehype.com//home/pulsarme/wp/plugintests/wp-content/plugins/premium-floorplans/" local="130120608580000000" remote="130281411390000000" Dst="-1" />
<file name="ui.effect-fade.jquery.json" server="vps.arcadehype.com//home/pulsarme/wp/plugintests/wp-content/plugins/premium-floorplans/" local="130120608580000000" remote="130281411390000000" Dst="-1" />
<file name="ui.effect-fold.jquery.json" server="vps.arcadehype.com//home/pulsarme/wp/plugintests/wp-content/plugins/premium-floorplans/" local="130120608580000000" remote="130281411400000000" Dst="-1" />
<file name="ui.effect-highlight.jquery.json" server="vps.arcadehype.com//home/pulsarme/wp/plugintests/wp-content/plugins/premium-floorplans/" local="130120608580000000" remote="130281411400000000" Dst="-1" />
<file name="ui.effect-pulsate.jquery.json" server="vps.arcadehype.com//home/pulsarme/wp/plugintests/wp-content/plugins/premium-floorplans/" local="130120608580000000" remote="130281411400000000" Dst="-1" />
<file name="ui.effect-scale.jquery.json" server="vps.arcadehype.com//home/pulsarme/wp/plugintests/wp-content/plugins/premium-floorplans/" local="130120608580000000" remote="130281411400000000" Dst="-1" />
<file name="ui.effect-shake.jquery.json" server="vps.arcadehype.com//home/pulsarme/wp/plugintests/wp-content/plugins/premium-floorplans/" local="130120608580000000" remote="130281411400000000" Dst="-1" />
<file name="ui.effect-slide.jquery.json" server="vps.arcadehype.com//home/pulsarme/wp/plugintests/wp-content/plugins/premium-floorplans/" local="130120608580000000" remote="130281411400000000" Dst="-1" />
<file name="ui.effect-transfer.jquery.json" server="vps.arcadehype.com//home/pulsarme/wp/plugintests/wp-content/plugins/premium-floorplans/" local="130120608580000000" remote="130281411400000000" Dst="-1" />
<file name="ui.effect.jquery.json" server="vps.arcadehype.com//home/pulsarme/wp/plugintests/wp-content/plugins/premium-floorplans/" local="130120608580000000" remote="130281411400000000" Dst="-1" />
<file name="ui.menu.jquery.json" server="vps.arcadehype.com//home/pulsarme/wp/plugintests/wp-content/plugins/premium-floorplans/" local="130120608580000000" remote="130281411400000000" Dst="-1" />
<file name="ui.mouse.jquery.json" server="vps.arcadehype.com//home/pulsarme/wp/plugintests/wp-content/plugins/premium-floorplans/" local="130120608580000000" remote="130281411410000000" Dst="-1" />
<file name="ui.position.jquery.json" server="vps.arcadehype.com//home/pulsarme/wp/plugintests/wp-content/plugins/premium-floorplans/" local="130120608580000000" remote="130281411410000000" Dst="-1" />
<file name="ui.progressbar.jquery.json" server="vps.arcadehype.com//home/pulsarme/wp/plugintests/wp-content/plugins/premium-floorplans/" local="130120608580000000" remote="130281411410000000" Dst="-1" />
<file name="ui.resizable.jquery.json" server="vps.arcadehype.com//home/pulsarme/wp/plugintests/wp-content/plugins/premium-floorplans/" local="130120608580000000" remote="130281411410000000" Dst="-1" />
<file name="ui.selectable.jquery.json" server="vps.arcadehype.com//home/pulsarme/wp/plugintests/wp-content/plugins/premium-floorplans/" local="130120608580000000" remote="130281411410000000" Dst="-1" />
<file name="ui.slider.jquery.json" server="vps.arcadehype.com//home/pulsarme/wp/plugintests/wp-content/plugins/premium-floorplans/" local="130120608580000000" remote="130281411410000000" Dst="-1" />
<file name="ui.sortable.jquery.json" server="vps.arcadehype.com//home/pulsarme/wp/plugintests/wp-content/plugins/premium-floorplans/" local="130120608580000000" remote="130281411410000000" Dst="-1" />
<file name="ui.spinner.jquery.json" server="vps.arcadehype.com//home/pulsarme/wp/plugintests/wp-content/plugins/premium-floorplans/" local="130120608580000000" remote="130281411420000000" Dst="-1" />
<file name="ui.tabs.jquery.json" server="vps.arcadehype.com//home/pulsarme/wp/plugintests/wp-content/plugins/premium-floorplans/" local="130120608580000000" remote="130281411420000000" Dst="-1" />
<file name="ui.tooltip.jquery.json" server="vps.arcadehype.com//home/pulsarme/wp/plugintests/wp-content/plugins/premium-floorplans/" local="130120608580000000" remote="130281411420000000" Dst="-1" />
<file name="ui.widget.jquery.json" server="vps.arcadehype.com//home/pulsarme/wp/plugintests/wp-content/plugins/premium-floorplans/" local="130120608580000000" remote="130281411420000000" Dst="-1" />
<file name="jquery-1.9.1.js" server="vps.arcadehype.com//home/pulsarme/wp/plugintests/wp-content/plugins/premium-presentations-v1.6/" local="130120608580000000" remote="130524555530000000" Dst="2" />
<file name="AUTHORS.txt" server="vps.arcadehype.com//home/pulsarme/wp/plugintests/wp-content/plugins/premium-presentations-v1.6/" local="130120608580000000" remote="130524555380000000" Dst="2" />
<file name="Gruntfile.js" server="vps.arcadehype.com//home/pulsarme/wp/plugintests/wp-content/plugins/premium-presentations-v1.6/" local="130120608580000000" remote="130524556510000000" Dst="2" />
<file name="MANIFEST" server="vps.arcadehype.com//home/pulsarme/wp/plugintests/wp-content/plugins/premium-presentations-v1.6/" local="130120608600000000" remote="130524556520000000" Dst="2" />
<file name="MIT-LICENSE.txt" server="vps.arcadehype.com//home/pulsarme/wp/plugintests/wp-content/plugins/premium-presentations-v1.6/" local="130120608580000000" remote="130524556520000000" Dst="2" />
<file name="package.json" server="vps.arcadehype.com//home/pulsarme/wp/plugintests/wp-content/plugins/premium-presentations-v1.6/" local="130120608580000000" remote="130524556520000000" Dst="2" />
<file name="README.md" server="vps.arcadehype.com//home/pulsarme/wp/plugintests/wp-content/plugins/premium-presentations-v1.6/" local="130120608580000000" remote="130524556520000000" Dst="2" />
<file name="ui.accordion.jquery.json" server="vps.arcadehype.com//home/pulsarme/wp/plugintests/wp-content/plugins/premium-presentations-v1.6/" local="130120608580000000" remote="130524558400000000" Dst="2" />
<file name="ui.autocomplete.jquery.json" server="vps.arcadehype.com//home/pulsarme/wp/plugintests/wp-content/plugins/premium-presentations-v1.6/" local="130120608580000000" remote="130524558400000000" Dst="2" />
<file name="ui.button.jquery.json" server="vps.arcadehype.com//home/pulsarme/wp/plugintests/wp-content/plugins/premium-presentations-v1.6/" local="130120608580000000" remote="130524558400000000" Dst="2" />
<file name="ui.core.jquery.json" server="vps.arcadehype.com//home/pulsarme/wp/plugintests/wp-content/plugins/premium-presentations-v1.6/" local="130120608580000000" remote="130524558410000000" Dst="2" />
<file name="ui.datepicker.jquery.json" server="vps.arcadehype.com//home/pulsarme/wp/plugintests/wp-content/plugins/premium-presentations-v1.6/" local="130120608580000000" remote="130524558410000000" Dst="2" />
<file name="ui.dialog.jquery.json" server="vps.arcadehype.com//home/pulsarme/wp/plugintests/wp-content/plugins/premium-presentations-v1.6/" local="130120608580000000" remote="130524558410000000" Dst="2" />
<file name="ui.draggable.jquery.json" server="vps.arcadehype.com//home/pulsarme/wp/plugintests/wp-content/plugins/premium-presentations-v1.6/" local="130120608580000000" remote="130524558410000000" Dst="2" />
<file name="ui.droppable.jquery.json" server="vps.arcadehype.com//home/pulsarme/wp/plugintests/wp-content/plugins/premium-presentations-v1.6/" local="130120608580000000" remote="130524558410000000" Dst="2" />
<file name="ui.effect-blind.jquery.json" server="vps.arcadehype.com//home/pulsarme/wp/plugintests/wp-content/plugins/premium-presentations-v1.6/" local="130120608580000000" remote="130524558410000000" Dst="2" />
<file name="ui.effect-bounce.jquery.json" server="vps.arcadehype.com//home/pulsarme/wp/plugintests/wp-content/plugins/premium-presentations-v1.6/" local="130120608580000000" remote="130524558410000000" Dst="2" />
<file name="ui.effect-clip.jquery.json" server="vps.arcadehype.com//home/pulsarme/wp/plugintests/wp-content/plugins/premium-presentations-v1.6/" local="130120608580000000" remote="130524558420000000" Dst="2" />
<file name="ui.effect-drop.jquery.json" server="vps.arcadehype.com//home/pulsarme/wp/plugintests/wp-content/plugins/premium-presentations-v1.6/" local="130120608580000000" remote="130524558420000000" Dst="2" />
<file name="ui.effect-explode.jquery.json" server="vps.arcadehype.com//home/pulsarme/wp/plugintests/wp-content/plugins/premium-presentations-v1.6/" local="130120608580000000" remote="130524558420000000" Dst="2" />
<file name="ui.effect-fade.jquery.json" server="vps.arcadehype.com//home/pulsarme/wp/plugintests/wp-content/plugins/premium-presentations-v1.6/" local="130120608580000000" remote="130524558420000000" Dst="2" />
<file name="ui.effect-fold.jquery.json" server="vps.arcadehype.com//home/pulsarme/wp/plugintests/wp-content/plugins/premium-presentations-v1.6/" local="130120608580000000" remote="130524558420000000" Dst="2" />
<file name="ui.effect-highlight.jquery.json" server="vps.arcadehype.com//home/pulsarme/wp/plugintests/wp-content/plugins/premium-presentations-v1.6/" local="130120608580000000" remote="130524558420000000" Dst="2" />
<file name="ui.effect-pulsate.jquery.json" server="vps.arcadehype.com//home/pulsarme/wp/plugintests/wp-content/plugins/premium-presentations-v1.6/" local="130120608580000000" remote="130524558420000000" Dst="2" />
<file name="ui.effect-scale.jquery.json" server="vps.arcadehype.com//home/pulsarme/wp/plugintests/wp-content/plugins/premium-presentations-v1.6/" local="130120608580000000" remote="130524558430000000" Dst="2" />
<file name="ui.effect-shake.jquery.json" server="vps.arcadehype.com//home/pulsarme/wp/plugintests/wp-content/plugins/premium-presentations-v1.6/" local="130120608580000000" remote="130524558430000000" Dst="2" />
<file name="ui.effect-slide.jquery.json" server="vps.arcadehype.com//home/pulsarme/wp/plugintests/wp-content/plugins/premium-presentations-v1.6/" local="130120608580000000" remote="130524558430000000" Dst="2" />
<file name="ui.effect-transfer.jquery.json" server="vps.arcadehype.com//home/pulsarme/wp/plugintests/wp-content/plugins/premium-presentations-v1.6/" local="130120608580000000" remote="130524558430000000" Dst="2" />
<file name="ui.effect.jquery.json" server="vps.arcadehype.com//home/pulsarme/wp/plugintests/wp-content/plugins/premium-presentations-v1.6/" local="130120608580000000" remote="130524558430000000" Dst="2" />
<file name="ui.menu.jquery.json" server="vps.arcadehype.com//home/pulsarme/wp/plugintests/wp-content/plugins/premium-presentations-v1.6/" local="130120608580000000" remote="130524558430000000" Dst="2" />
<file name="ui.mouse.jquery.json" server="vps.arcadehype.com//home/pulsarme/wp/plugintests/wp-content/plugins/premium-presentations-v1.6/" local="130120608580000000" remote="130524558430000000" Dst="2" />
<file name="ui.position.jquery.json" server="vps.arcadehype.com//home/pulsarme/wp/plugintests/wp-content/plugins/premium-presentations-v1.6/" local="130120608580000000" remote="130524558440000000" Dst="2" />
<file name="ui.progressbar.jquery.json" server="vps.arcadehype.com//home/pulsarme/wp/plugintests/wp-content/plugins/premium-presentations-v1.6/" local="130120608580000000" remote="130524558440000000" Dst="2" />
<file name="ui.resizable.jquery.json" server="vps.arcadehype.com//home/pulsarme/wp/plugintests/wp-content/plugins/premium-presentations-v1.6/" local="130120608580000000" remote="130524558440000000" Dst="2" />
<file name="ui.selectable.jquery.json" server="vps.arcadehype.com//home/pulsarme/wp/plugintests/wp-content/plugins/premium-presentations-v1.6/" local="130120608580000000" remote="130524558440000000" Dst="2" />
<file name="ui.slider.jquery.json" server="vps.arcadehype.com//home/pulsarme/wp/plugintests/wp-content/plugins/premium-presentations-v1.6/" local="130120608580000000" remote="130524558440000000" Dst="2" />
<file name="ui.sortable.jquery.json" server="vps.arcadehype.com//home/pulsarme/wp/plugintests/wp-content/plugins/premium-presentations-v1.6/" local="130120608580000000" remote="130524558440000000" Dst="2" />
<file name="ui.spinner.jquery.json" server="vps.arcadehype.com//home/pulsarme/wp/plugintests/wp-content/plugins/premium-presentations-v1.6/" local="130120608580000000" remote="130524558450000000" Dst="2" />
<file name="ui.tabs.jquery.json" server="vps.arcadehype.com//home/pulsarme/wp/plugintests/wp-content/plugins/premium-presentations-v1.6/" local="130120608580000000" remote="130524558450000000" Dst="2" />
<file name="ui.tooltip.jquery.json" server="vps.arcadehype.com//home/pulsarme/wp/plugintests/wp-content/plugins/premium-presentations-v1.6/" local="130120608580000000" remote="130524558450000000" Dst="2" />
<file name="ui.widget.jquery.json" server="vps.arcadehype.com//home/pulsarme/wp/plugintests/wp-content/plugins/premium-presentations-v1.6/" local="130120608580000000" remote="130524558450000000" Dst="2" />
</dwsync>