<?xml version="1.0" encoding="utf-8" ?>
<dwsync>
<file name="custom-animation.html" server="vps.arcadehype.com//home/pulsarme/wp/plugintests/wp-content/plugins/premium-floorplans/" local="130120608580000000" remote="130281410280000000" Dst="-1" />
<file name="custom-content.html" server="vps.arcadehype.com//home/pulsarme/wp/plugintests/wp-content/plugins/premium-floorplans/" local="130120608580000000" remote="130281410290000000" Dst="-1" />
<file name="custom-style.html" server="vps.arcadehype.com//home/pulsarme/wp/plugintests/wp-content/plugins/premium-floorplans/" local="130120608580000000" remote="130281410300000000" Dst="-1" />
<file name="default.html" server="vps.arcadehype.com//home/pulsarme/wp/plugintests/wp-content/plugins/premium-floorplans/" local="130120608580000000" remote="130281410300000000" Dst="-1" />
<file name="forms.html" server="vps.arcadehype.com//home/pulsarme/wp/plugintests/wp-content/plugins/premium-floorplans/" local="130120608580000000" remote="130281410300000000" Dst="-1" />
<file name="index.html" server="vps.arcadehype.com//home/pulsarme/wp/plugintests/wp-content/plugins/premium-floorplans/" local="130120608580000000" remote="130281410300000000" Dst="-1" />
<file name="tracking.html" server="vps.arcadehype.com//home/pulsarme/wp/plugintests/wp-content/plugins/premium-floorplans/" local="130120608580000000" remote="130281410300000000" Dst="-1" />
<file name="video-player.html" server="vps.arcadehype.com//home/pulsarme/wp/plugintests/wp-content/plugins/premium-floorplans/" local="130120608580000000" remote="130281410310000000" Dst="-1" />
<file name="custom-animation.html" server="vps.arcadehype.com//home/pulsarme/wp/plugintests/wp-content/plugins/premium-presentations-v1.6/" local="130120608580000000" remote="130524556410000000" Dst="2" />
<file name="custom-content.html" server="vps.arcadehype.com//home/pulsarme/wp/plugintests/wp-content/plugins/premium-presentations-v1.6/" local="130120608580000000" remote="130524556410000000" Dst="2" />
<file name="custom-style.html" server="vps.arcadehype.com//home/pulsarme/wp/plugintests/wp-content/plugins/premium-presentations-v1.6/" local="130120608580000000" remote="130524556430000000" Dst="2" />
<file name="default.html" server="vps.arcadehype.com//home/pulsarme/wp/plugintests/wp-content/plugins/premium-presentations-v1.6/" local="130120608580000000" remote="130524556430000000" Dst="2" />
<file name="forms.html" server="vps.arcadehype.com//home/pulsarme/wp/plugintests/wp-content/plugins/premium-presentations-v1.6/" local="130120608580000000" remote="130524556430000000" Dst="2" />
<file name="index.html" server="vps.arcadehype.com//home/pulsarme/wp/plugintests/wp-content/plugins/premium-presentations-v1.6/" local="130120608580000000" remote="130524556440000000" Dst="2" />
<file name="tracking.html" server="vps.arcadehype.com//home/pulsarme/wp/plugintests/wp-content/plugins/premium-presentations-v1.6/" local="130120608580000000" remote="130524556440000000" Dst="2" />
<file name="video-player.html" server="vps.arcadehype.com//home/pulsarme/wp/plugintests/wp-content/plugins/premium-presentations-v1.6/" local="130120608580000000" remote="130524556440000000" Dst="2" />
</dwsync>