<?xml version="1.0" encoding="utf-8" ?>
<dwsync>
<file name="content1.html" server="vps.arcadehype.com//home/pulsarme/wp/plugintests/wp-content/plugins/premium-floorplans/" local="130120608580000000" remote="130281410240000000" Dst="-1" />
<file name="content2.html" server="vps.arcadehype.com//home/pulsarme/wp/plugintests/wp-content/plugins/premium-floorplans/" local="130120608580000000" remote="130281410250000000" Dst="-1" />
<file name="content3-slow.php" server="vps.arcadehype.com//home/pulsarme/wp/plugintests/wp-content/plugins/premium-floorplans/" local="130120608580000000" remote="130281410250000000" Dst="-1" />
<file name="content4-broken.php" server="vps.arcadehype.com//home/pulsarme/wp/plugintests/wp-content/plugins/premium-floorplans/" local="130120608580000000" remote="130281410250000000" Dst="-1" />
<file name="content1.html" server="vps.arcadehype.com//home/pulsarme/wp/plugintests/wp-content/plugins/premium-presentations-v1.6/" local="130120608580000000" remote="130524556350000000" Dst="2" />
<file name="content2.html" server="vps.arcadehype.com//home/pulsarme/wp/plugintests/wp-content/plugins/premium-presentations-v1.6/" local="130120608580000000" remote="130524556350000000" Dst="2" />
<file name="content3-slow.php" server="vps.arcadehype.com//home/pulsarme/wp/plugintests/wp-content/plugins/premium-presentations-v1.6/" local="130120608580000000" remote="130524556360000000" Dst="2" />
<file name="content4-broken.php" server="vps.arcadehype.com//home/pulsarme/wp/plugintests/wp-content/plugins/premium-presentations-v1.6/" local="130120608580000000" remote="130524556360000000" Dst="2" />
</dwsync>