<?xml version="1.0" encoding="utf-8" ?>
<dwsync>
<file name="transparent_1x1.png" server="vps.arcadehype.com//home/pulsarme/wp/plugintests/wp-content/plugins/premium-floorplans/" local="130120608580000000" remote="130281409830000000" Dst="-1" />
<file name="jqueryui_32x32.png" server="vps.arcadehype.com//home/pulsarme/wp/plugintests/wp-content/plugins/premium-floorplans/" local="130120608580000000" remote="130281409840000000" Dst="-1" />
<file name="jquery_32x32.png" server="vps.arcadehype.com//home/pulsarme/wp/plugintests/wp-content/plugins/premium-floorplans/" local="130120608580000000" remote="130281409840000000" Dst="-1" />
<file name="sizzlejs_32x32.png" server="vps.arcadehype.com//home/pulsarme/wp/plugintests/wp-content/plugins/premium-floorplans/" local="130120608580000000" remote="130281409850000000" Dst="-1" />
<file name="ui-anim_basic_16x16.gif" server="vps.arcadehype.com//home/pulsarme/wp/plugintests/wp-content/plugins/premium-floorplans/" local="130120608580000000" remote="130281409850000000" Dst="-1" />
<file name="transparent_1x1.png" server="vps.arcadehype.com//home/pulsarme/wp/plugintests/wp-content/plugins/premium-presentations-v1.6/" local="130120608580000000" remote="130524555690000000" Dst="2" />
<file name="jqueryui_32x32.png" server="vps.arcadehype.com//home/pulsarme/wp/plugintests/wp-content/plugins/premium-presentations-v1.6/" local="130120608580000000" remote="130524555700000000" Dst="2" />
<file name="jquery_32x32.png" server="vps.arcadehype.com//home/pulsarme/wp/plugintests/wp-content/plugins/premium-presentations-v1.6/" local="130120608580000000" remote="130524555700000000" Dst="2" />
<file name="sizzlejs_32x32.png" server="vps.arcadehype.com//home/pulsarme/wp/plugintests/wp-content/plugins/premium-presentations-v1.6/" local="130120608580000000" remote="130524555700000000" Dst="2" />
<file name="ui-anim_basic_16x16.gif" server="vps.arcadehype.com//home/pulsarme/wp/plugintests/wp-content/plugins/premium-presentations-v1.6/" local="130120608580000000" remote="130524555710000000" Dst="2" />
</dwsync>