<?xml version="1.0" encoding="utf-8" ?>
<dwsync>
<file name="colorpicker_background.png" server="vps.arcadehype.com//home/pulsarme/wp/pulsar/wp-content/plugins/floorplan-premium/" local="128639119960000000" remote="130186323970000000" Dst="-1" />
<file name="colorpicker_overlay.png" server="vps.arcadehype.com//home/pulsarme/wp/pulsar/wp-content/plugins/floorplan-premium/" local="128639119960000000" remote="130186323970000000" Dst="-1" />
<file name="colorpicker_select.gif" server="vps.arcadehype.com//home/pulsarme/wp/pulsar/wp-content/plugins/floorplan-premium/" local="128639119980000000" remote="130186323970000000" Dst="-1" />
<file name="colorpicker_indic.gif" server="vps.arcadehype.com//home/pulsarme/wp/pulsar/wp-content/plugins/floorplan-premium/" local="128639119960000000" remote="130186323980000000" Dst="-1" />
<file name="colorpicker_hex.png" server="vps.arcadehype.com//home/pulsarme/wp/pulsar/wp-content/plugins/floorplan-premium/" local="128639119960000000" remote="130186323980000000" Dst="-1" />
<file name="colorpicker_rgb_r.png" server="vps.arcadehype.com//home/pulsarme/wp/pulsar/wp-content/plugins/floorplan-premium/" local="128639119980000000" remote="130186323980000000" Dst="-1" />
<file name="colorpicker_rgb_g.png" server="vps.arcadehype.com//home/pulsarme/wp/pulsar/wp-content/plugins/floorplan-premium/" local="128639119980000000" remote="130186323980000000" Dst="-1" />
<file name="colorpicker_rgb_b.png" server="vps.arcadehype.com//home/pulsarme/wp/pulsar/wp-content/plugins/floorplan-premium/" local="128639119980000000" remote="130186323980000000" Dst="-1" />
<file name="colorpicker_hsb_h.png" server="vps.arcadehype.com//home/pulsarme/wp/pulsar/wp-content/plugins/floorplan-premium/" local="128639119960000000" remote="130186323980000000" Dst="-1" />
<file name="colorpicker_hsb_s.png" server="vps.arcadehype.com//home/pulsarme/wp/pulsar/wp-content/plugins/floorplan-premium/" local="128639119960000000" remote="130186323980000000" Dst="-1" />
<file name="colorpicker_hsb_b.png" server="vps.arcadehype.com//home/pulsarme/wp/pulsar/wp-content/plugins/floorplan-premium/" local="128639119960000000" remote="130186323990000000" Dst="-1" />
<file name="colorpicker_submit.png" server="vps.arcadehype.com//home/pulsarme/wp/pulsar/wp-content/plugins/floorplan-premium/" local="128639119980000000" remote="130186323990000000" Dst="-1" />
<file name="select.png" server="vps.arcadehype.com//home/pulsarme/wp/pulsar/wp-content/plugins/floorplan-premium/" local="128639119980000000" remote="130186324000000000" Dst="-1" />
<file name="select2.png" server="vps.arcadehype.com//home/pulsarme/wp/pulsar/wp-content/plugins/floorplan-premium/" local="128639119980000000" remote="130186324000000000" Dst="-1" />
<file name="custom_background.png" server="vps.arcadehype.com//home/pulsarme/wp/pulsar/wp-content/plugins/floorplan-premium/" local="128639119980000000" remote="130186324000000000" Dst="-1" />
<file name="custom_indic.gif" server="vps.arcadehype.com//home/pulsarme/wp/pulsar/wp-content/plugins/floorplan-premium/" local="128639119980000000" remote="130186324000000000" Dst="-1" />
<file name="custom_hex.png" server="vps.arcadehype.com//home/pulsarme/wp/pulsar/wp-content/plugins/floorplan-premium/" local="128639119980000000" remote="130186324000000000" Dst="-1" />
<file name="custom_rgb_r.png" server="vps.arcadehype.com//home/pulsarme/wp/pulsar/wp-content/plugins/floorplan-premium/" local="128639119980000000" remote="130186324000000000" Dst="-1" />
<file name="custom_rgb_g.png" server="vps.arcadehype.com//home/pulsarme/wp/pulsar/wp-content/plugins/floorplan-premium/" local="128639119980000000" remote="130186324010000000" Dst="-1" />
<file name="custom_rgb_b.png" server="vps.arcadehype.com//home/pulsarme/wp/pulsar/wp-content/plugins/floorplan-premium/" local="128639119980000000" remote="130186324010000000" Dst="-1" />
<file name="custom_hsb_s.png" server="vps.arcadehype.com//home/pulsarme/wp/pulsar/wp-content/plugins/floorplan-premium/" local="128639119980000000" remote="130186324010000000" Dst="-1" />
<file name="custom_hsb_h.png" server="vps.arcadehype.com//home/pulsarme/wp/pulsar/wp-content/plugins/floorplan-premium/" local="128639119980000000" remote="130186324010000000" Dst="-1" />
<file name="custom_hsb_b.png" server="vps.arcadehype.com//home/pulsarme/wp/pulsar/wp-content/plugins/floorplan-premium/" local="128639119980000000" remote="130186324010000000" Dst="-1" />
<file name="custom_submit.png" server="vps.arcadehype.com//home/pulsarme/wp/pulsar/wp-content/plugins/floorplan-premium/" local="128639119980000000" remote="130186324010000000" Dst="-1" />
<file name="blank.gif" server="vps.arcadehype.com//home/pulsarme/wp/pulsar/wp-content/plugins/floorplan-premium/" local="128639119960000000" remote="130190845700000000" Dst="-1" />
<file name="slider.png" server="vps.arcadehype.com//home/pulsarme/wp/pulsar/wp-content/plugins/floorplan-premium/" local="128639119980000000" remote="130190845700000000" Dst="-1" />
<file name="colorpicker_background.png" server="vps.arcadehype.com//home/pulsarme/wp/plugintests/wp-content/plugins/premium-floorplans/" local="128639119960000000" remote="130281409530000000" Dst="-1" />
<file name="colorpicker_overlay.png" server="vps.arcadehype.com//home/pulsarme/wp/plugintests/wp-content/plugins/premium-floorplans/" local="128639119960000000" remote="130281409530000000" Dst="-1" />
<file name="colorpicker_select.gif" server="vps.arcadehype.com//home/pulsarme/wp/plugintests/wp-content/plugins/premium-floorplans/" local="128639119980000000" remote="130281409530000000" Dst="-1" />
<file name="colorpicker_indic.gif" server="vps.arcadehype.com//home/pulsarme/wp/plugintests/wp-content/plugins/premium-floorplans/" local="128639119960000000" remote="130281409530000000" Dst="-1" />
<file name="colorpicker_hex.png" server="vps.arcadehype.com//home/pulsarme/wp/plugintests/wp-content/plugins/premium-floorplans/" local="128639119960000000" remote="130281409530000000" Dst="-1" />
<file name="colorpicker_rgb_r.png" server="vps.arcadehype.com//home/pulsarme/wp/plugintests/wp-content/plugins/premium-floorplans/" local="128639119980000000" remote="130281409540000000" Dst="-1" />
<file name="colorpicker_rgb_g.png" server="vps.arcadehype.com//home/pulsarme/wp/plugintests/wp-content/plugins/premium-floorplans/" local="128639119980000000" remote="130281409540000000" Dst="-1" />
<file name="colorpicker_rgb_b.png" server="vps.arcadehype.com//home/pulsarme/wp/plugintests/wp-content/plugins/premium-floorplans/" local="128639119980000000" remote="130281409540000000" Dst="-1" />
<file name="colorpicker_hsb_h.png" server="vps.arcadehype.com//home/pulsarme/wp/plugintests/wp-content/plugins/premium-floorplans/" local="128639119960000000" remote="130281409540000000" Dst="-1" />
<file name="colorpicker_hsb_s.png" server="vps.arcadehype.com//home/pulsarme/wp/plugintests/wp-content/plugins/premium-floorplans/" local="128639119960000000" remote="130281409540000000" Dst="-1" />
<file name="colorpicker_hsb_b.png" server="vps.arcadehype.com//home/pulsarme/wp/plugintests/wp-content/plugins/premium-floorplans/" local="128639119960000000" remote="130281409540000000" Dst="-1" />
<file name="colorpicker_submit.png" server="vps.arcadehype.com//home/pulsarme/wp/plugintests/wp-content/plugins/premium-floorplans/" local="128639119980000000" remote="130281409540000000" Dst="-1" />
<file name="select.png" server="vps.arcadehype.com//home/pulsarme/wp/plugintests/wp-content/plugins/premium-floorplans/" local="128639119980000000" remote="130281409550000000" Dst="-1" />
<file name="select2.png" server="vps.arcadehype.com//home/pulsarme/wp/plugintests/wp-content/plugins/premium-floorplans/" local="128639119980000000" remote="130281409550000000" Dst="-1" />
<file name="custom_background.png" server="vps.arcadehype.com//home/pulsarme/wp/plugintests/wp-content/plugins/premium-floorplans/" local="128639119980000000" remote="130281409550000000" Dst="-1" />
<file name="custom_indic.gif" server="vps.arcadehype.com//home/pulsarme/wp/plugintests/wp-content/plugins/premium-floorplans/" local="128639119980000000" remote="130281409550000000" Dst="-1" />
<file name="custom_hex.png" server="vps.arcadehype.com//home/pulsarme/wp/plugintests/wp-content/plugins/premium-floorplans/" local="128639119980000000" remote="130281409560000000" Dst="-1" />
<file name="custom_rgb_r.png" server="vps.arcadehype.com//home/pulsarme/wp/plugintests/wp-content/plugins/premium-floorplans/" local="128639119980000000" remote="130281409560000000" Dst="-1" />
<file name="custom_rgb_g.png" server="vps.arcadehype.com//home/pulsarme/wp/plugintests/wp-content/plugins/premium-floorplans/" local="128639119980000000" remote="130281409560000000" Dst="-1" />
<file name="custom_rgb_b.png" server="vps.arcadehype.com//home/pulsarme/wp/plugintests/wp-content/plugins/premium-floorplans/" local="128639119980000000" remote="130281409560000000" Dst="-1" />
<file name="custom_hsb_s.png" server="vps.arcadehype.com//home/pulsarme/wp/plugintests/wp-content/plugins/premium-floorplans/" local="128639119980000000" remote="130281409560000000" Dst="-1" />
<file name="custom_hsb_h.png" server="vps.arcadehype.com//home/pulsarme/wp/plugintests/wp-content/plugins/premium-floorplans/" local="128639119980000000" remote="130281409560000000" Dst="-1" />
<file name="custom_hsb_b.png" server="vps.arcadehype.com//home/pulsarme/wp/plugintests/wp-content/plugins/premium-floorplans/" local="128639119980000000" remote="130281409560000000" Dst="-1" />
<file name="custom_submit.png" server="vps.arcadehype.com//home/pulsarme/wp/plugintests/wp-content/plugins/premium-floorplans/" local="128639119980000000" remote="130281409560000000" Dst="-1" />
<file name="blank.gif" server="vps.arcadehype.com//home/pulsarme/wp/plugintests/wp-content/plugins/premium-floorplans/" local="128639119960000000" remote="130281409570000000" Dst="-1" />
<file name="slider.png" server="vps.arcadehype.com//home/pulsarme/wp/plugintests/wp-content/plugins/premium-floorplans/" local="128639119980000000" remote="130281409570000000" Dst="-1" />
<file name="colorpicker_background.png" server="vps.arcadehype.com//home/pulsarme/wp/plugintests/wp-content/plugins/premium-presentations-v1.6/" local="128639119960000000" remote="130524555220000000" Dst="2" />
<file name="colorpicker_overlay.png" server="vps.arcadehype.com//home/pulsarme/wp/plugintests/wp-content/plugins/premium-presentations-v1.6/" local="128639119960000000" remote="130524555220000000" Dst="2" />
<file name="colorpicker_select.gif" server="vps.arcadehype.com//home/pulsarme/wp/plugintests/wp-content/plugins/premium-presentations-v1.6/" local="128639119980000000" remote="130524555220000000" Dst="2" />
<file name="colorpicker_indic.gif" server="vps.arcadehype.com//home/pulsarme/wp/plugintests/wp-content/plugins/premium-presentations-v1.6/" local="128639119960000000" remote="130524555220000000" Dst="2" />
<file name="colorpicker_hex.png" server="vps.arcadehype.com//home/pulsarme/wp/plugintests/wp-content/plugins/premium-presentations-v1.6/" local="128639119960000000" remote="130524555230000000" Dst="2" />
<file name="colorpicker_rgb_r.png" server="vps.arcadehype.com//home/pulsarme/wp/plugintests/wp-content/plugins/premium-presentations-v1.6/" local="128639119980000000" remote="130524555230000000" Dst="2" />
<file name="colorpicker_rgb_g.png" server="vps.arcadehype.com//home/pulsarme/wp/plugintests/wp-content/plugins/premium-presentations-v1.6/" local="128639119980000000" remote="130524555230000000" Dst="2" />
<file name="colorpicker_rgb_b.png" server="vps.arcadehype.com//home/pulsarme/wp/plugintests/wp-content/plugins/premium-presentations-v1.6/" local="128639119980000000" remote="130524555230000000" Dst="2" />
<file name="colorpicker_hsb_h.png" server="vps.arcadehype.com//home/pulsarme/wp/plugintests/wp-content/plugins/premium-presentations-v1.6/" local="128639119960000000" remote="130524555230000000" Dst="2" />
<file name="colorpicker_hsb_s.png" server="vps.arcadehype.com//home/pulsarme/wp/plugintests/wp-content/plugins/premium-presentations-v1.6/" local="128639119960000000" remote="130524555230000000" Dst="2" />
<file name="colorpicker_hsb_b.png" server="vps.arcadehype.com//home/pulsarme/wp/plugintests/wp-content/plugins/premium-presentations-v1.6/" local="128639119960000000" remote="130524555230000000" Dst="2" />
<file name="colorpicker_submit.png" server="vps.arcadehype.com//home/pulsarme/wp/plugintests/wp-content/plugins/premium-presentations-v1.6/" local="128639119980000000" remote="130524555240000000" Dst="2" />
<file name="select.png" server="vps.arcadehype.com//home/pulsarme/wp/plugintests/wp-content/plugins/premium-presentations-v1.6/" local="128639119980000000" remote="130524555250000000" Dst="2" />
<file name="select2.png" server="vps.arcadehype.com//home/pulsarme/wp/plugintests/wp-content/plugins/premium-presentations-v1.6/" local="128639119980000000" remote="130524555250000000" Dst="2" />
<file name="custom_background.png" server="vps.arcadehype.com//home/pulsarme/wp/plugintests/wp-content/plugins/premium-presentations-v1.6/" local="128639119980000000" remote="130524555250000000" Dst="2" />
<file name="custom_indic.gif" server="vps.arcadehype.com//home/pulsarme/wp/plugintests/wp-content/plugins/premium-presentations-v1.6/" local="128639119980000000" remote="130524555250000000" Dst="2" />
<file name="custom_hex.png" server="vps.arcadehype.com//home/pulsarme/wp/plugintests/wp-content/plugins/premium-presentations-v1.6/" local="128639119980000000" remote="130524555250000000" Dst="2" />
<file name="custom_rgb_r.png" server="vps.arcadehype.com//home/pulsarme/wp/plugintests/wp-content/plugins/premium-presentations-v1.6/" local="128639119980000000" remote="130524555260000000" Dst="2" />
<file name="custom_rgb_g.png" server="vps.arcadehype.com//home/pulsarme/wp/plugintests/wp-content/plugins/premium-presentations-v1.6/" local="128639119980000000" remote="130524555260000000" Dst="2" />
<file name="custom_rgb_b.png" server="vps.arcadehype.com//home/pulsarme/wp/plugintests/wp-content/plugins/premium-presentations-v1.6/" local="128639119980000000" remote="130524555260000000" Dst="2" />
<file name="custom_hsb_s.png" server="vps.arcadehype.com//home/pulsarme/wp/plugintests/wp-content/plugins/premium-presentations-v1.6/" local="128639119980000000" remote="130524555260000000" Dst="2" />
<file name="custom_hsb_h.png" server="vps.arcadehype.com//home/pulsarme/wp/plugintests/wp-content/plugins/premium-presentations-v1.6/" local="128639119980000000" remote="130524555260000000" Dst="2" />
<file name="custom_hsb_b.png" server="vps.arcadehype.com//home/pulsarme/wp/plugintests/wp-content/plugins/premium-presentations-v1.6/" local="128639119980000000" remote="130524555260000000" Dst="2" />
<file name="custom_submit.png" server="vps.arcadehype.com//home/pulsarme/wp/plugintests/wp-content/plugins/premium-presentations-v1.6/" local="128639119980000000" remote="130524555260000000" Dst="2" />
<file name="blank.gif" server="vps.arcadehype.com//home/pulsarme/wp/plugintests/wp-content/plugins/premium-presentations-v1.6/" local="128639119960000000" remote="130524555280000000" Dst="2" />
<file name="slider.png" server="vps.arcadehype.com//home/pulsarme/wp/plugintests/wp-content/plugins/premium-presentations-v1.6/" local="128639119980000000" remote="130524555280000000" Dst="2" />
</dwsync>