<?xml version="1.0" encoding="utf-8" ?>
<dwsync>
<file name="jquery-ui.css" server="vps.arcadehype.com//home/pulsarme/wp/pulsar/wp-content/plugins/floorplan-premium/" local="130188293544632099" remote="130190845580000000" Dst="-1" />
<file name="jquery-ui-1.8.9.custom.css" server="vps.arcadehype.com//home/pulsarme/wp/pulsar/wp-content/plugins/floorplan-premium/" local="129468781640000000" remote="130190845580000000" Dst="-1" />
<file name="jquery-ui-1.8.9.custom.min.css" server="vps.arcadehype.com//home/pulsarme/wp/pulsar/wp-content/plugins/floorplan-premium/" local="130190863652031609" remote="130190863840000000" Dst="-1" />
<file name="jquery-ui.min.css" server="vps.arcadehype.com//home/pulsarme/wp/pulsar/wp-content/plugins/floorplan-premium/" local="130190864047864249" remote="130190864040000000" Dst="-1" />
<file name="jquery-ui-1.8.9.custom.css" server="vps.arcadehype.com//home/pulsarme/wp/plugintests/wp-content/plugins/premium-floorplans/" local="129468781640000000" remote="130413037010000000" Dst="2" />
<file name="jquery-ui-1.8.9.custom.min.css" server="vps.arcadehype.com//home/pulsarme/wp/plugintests/wp-content/plugins/premium-floorplans/" local="130190863652031609" remote="130413037010000000" Dst="2" />
<file name="jquery-ui.css" server="vps.arcadehype.com//home/pulsarme/wp/plugintests/wp-content/plugins/premium-floorplans/" local="130188293544632099" remote="130413037010000000" Dst="2" />
<file name="jquery-ui.min.css" server="vps.arcadehype.com//home/pulsarme/wp/plugintests/wp-content/plugins/premium-floorplans/" local="130190864047864249" remote="130413037020000000" Dst="2" />
<file name="jquery-ui-1.8.9.custom.css" server="vps.arcadehype.com//home/pulsarme/wp/plugintests/wp-content/plugins/premium-presentations-v1.6/" local="129468781640000000" remote="130524555070000000" Dst="2" />
<file name="jquery-ui-1.8.9.custom.min.css" server="vps.arcadehype.com//home/pulsarme/wp/plugintests/wp-content/plugins/premium-presentations-v1.6/" local="130190863652031609" remote="130524555070000000" Dst="2" />
<file name="jquery-ui.css" server="vps.arcadehype.com//home/pulsarme/wp/plugintests/wp-content/plugins/premium-presentations-v1.6/" local="130188293544632099" remote="130524555080000000" Dst="2" />
<file name="jquery-ui.min.css" server="vps.arcadehype.com//home/pulsarme/wp/plugintests/wp-content/plugins/premium-presentations-v1.6/" local="130190864047864249" remote="130524555080000000" Dst="2" />
</dwsync>